Time (s),Acceleration x (m/s^2),Acceleration y (m/s^2),Acceleration z (m/s^2)
0.0,0.0126,-0.0302,0.0225
0.02,0.0198,-0.0265,0.0235
0.04,0.0302,0.0142,-0.0336
0.06,0.0293,-0.0321,-0.0086
0.08,0.035,-0.0091,0.0228
0.1,-0.0333,0.0388,0.0079
0.12,-0.0012,-0.0463,0.0106
0.14,0.039,-0.007,0.0971
0.16,0.0148,-0.0351,0.0254
0.18,0.0036,-0.0204,0.0185
0.2,-0.0211,-0.0309,0.002
0.22,0.0634,-0.0161,-0.0398
0.24,-0.0029,-0.0626,0.0125
0.26,0.0267,-0.005,0.0113
0.28,-0.0363,-0.0441,-0.0169
0.3,-0.0186,-0.0289,0.0445
0.32,-0.052,-0.0152,0.0218
0.34,0.0012,-0.0458,0.0233
0.36,0.0542,-0.0222,-0.0029
0.38,0.0242,-0.0647,0.0074
0.4,0.0003,0.0046,0.034
0.42,-0.0365,0.0024,0.0172
0.44,0.0013,-0.0144,-0.0097
0.46,0.0179,-0.0158,-0.0141
0.48,0.0474,-0.0283,0.0027
0.5,0.002,-0.0718,0.036
0.52,-0.0164,-0.0394,-0.0393
0.54,0.0408,0.0237,0.0015
0.56,0.0224,-0.0384,0.0451
0.58,0.0033,-0.0682,0.0069
0.6,0.0477,0.0092,0.0564
0.62,0.0388,-0.0514,-0.0205
0.64,0.062,-0.0348,0.0087
0.66,-0.013,-0.031,0.0141
0.68,-0.0133,-0.0216,0.0804
0.7,0.0523,0.0037,0.0188
0.72,0.0227,0.0032,0.0127
0.74,-0.0407,-0.0527,0.0355
0.76,0.0235,-0.0226,0.0025
0.78,0.037,0.0221,0.0229
0.8,0.0387,-0.0173,0.0345
0.82,-0.0065,-0.0214,0.0339
0.84,-0.0435,-0.013,0.0472
0.86,-0.0122,-0.0458,0.0477
0.88,0.018,-0.0152,0.0213
0.9,0.0274,-0.0143,0.038
0.92,-0.0059,-0.0459,0.0595
0.94,0.0202,-0.0051,0.0119
0.96,0.0446,-0.004,-0.0011
0.98,-0.029,0.0006,0.0751
1.0,0.0135,-0.02,-0.0175
1.02,-0.0296,-0.039,0.0319
1.04,0.0609,0.0295,0.0023
1.06,0.0214,-0.0321,0.0543
1.08,0.0078,0.0594,0.015
1.1,-0.0122,-0.0777,0.0563
1.12,-0.0043,0.0086,-0.0116
1.14,0.0342,-0.0312,-0.0462
1.16,0.0372,0.0024,-0.0133
1.18,-0.0688,-0.0683,-0.02
1.2,0.0176,-0.0414,0.0064
1.22,0.074,-0.0027,0.0226
1.24,-0.016,-0.0633,0.0245
1.26,-0.0567,0.0124,-0.0257
1.28,-0.0483,-0.0605,-0.011
1.3,0.0007,-0.02,0.0185
1.32,0.0296,-0.0159,0.0149
1.34,0.0388,-0.0902,0.0775
1.36,-0.0043,-0.0253,0.0277
1.38,0.0126,0.0136,0.003
1.4,0.0286,-0.0191,0.0071
1.42,-0.0101,-0.0097,0.0163
1.44,0.0339,-0.014,0.0104
1.46,-0.006,-0.0324,0.001
1.48,-0.0211,0.0023,0.0175
1.5,-0.0247,0.0173,-0.0162
1.52,0.0281,-0.0218,0.0309
1.54,-0.0077,0.0393,0.0152
1.56,0.0374,-0.0084,-0.0033
1.58,-0.0567,-0.0346,0.0452
1.6,-0.0044,-0.0118,0.0202
1.62,0.0086,-0.0327,0.066
1.64,0.0041,0.0006,0.0671
1.66,-0.0181,0.0304,0.0206
1.68,-0.039,-0.0742,0.0177
1.7,0.0483,0.0331,-0.0066
1.72,0.0452,-0.0049,0.0058
1.74,0.044,-0.0373,0.0569
1.76,-0.0268,-0.0485,0.0447
1.78,0.0076,0.0148,0.0117
1.8,-0.0187,-0.0464,0.0123
1.82,-0.0086,0.0076,-0.0001
1.84,0.0228,-0.0075,-0.0123
1.86,0.0129,-0.0194,0.045
1.88,-0.0325,-0.0123,0.0338
1.9,0.0406,-0.011,0.0117
1.92,-0.0152,-0.0418,0.0104
1.94,0.0194,-0.0346,0.0064
1.96,0.0234,-0.0067,-0.0161
1.98,-0.0042,-0.0075,0.0282
2.0,0.0445,-0.0902,-0.031
2.02,-0.0144,-0.0711,0.0491
2.04,-0.0404,-0.0229,0.0274
2.06,0.0189,-0.0268,0.0483
2.08,-0.041,0.0326,0.0798
2.1,0.0534,0.0003,0.0299
2.12,0.038,-0.0142,0.0104
2.14,-0.0044,-0.0014,-0.0163
2.16,-0.0155,-0.0298,-0.0126
2.18,0.0133,-0.0752,0.0365
2.2,0.0368,-0.027,0.0662
2.22,0.0022,-0.0285,-0.0112
2.24,0.0245,-0.0447,0.0552
2.26,0.0279,-0.0163,0.0521
2.28,0.0305,-0.0346,0.0004
2.3,0.0483,-0.0159,0.0305
2.32,0.0083,0.02,0.0026
2.34,-0.0225,-0.0405,0.0086
2.36,-0.0048,-0.062,-0.0082
2.38,-0.0031,-0.0705,0.0008
2.4,0.0273,0.0041,0.0055
2.42,-0.0001,0.0191,0.0166
2.44,-0.0419,0.0113,0.0405
2.46,0.0463,-0.0161,0.018
2.48,0.0028,-0.0218,0.0476
2.5,0.0105,0.0068,0.014
2.52,0.0029,-0.0659,0.0052
2.54,0.0238,-0.0146,0.0174
2.56,-0.0857,-0.0091,0.0099
2.58,-0.0095,-0.0751,0.01
2.6,0.027,-0.0232,0.0393
2.62,0.0327,-0.0047,0.0476
2.64,-0.0095,0.0163,0.0348
2.66,-0.006,-0.0171,-0.0105
2.68,-0.028,-0.0557,-0.036
2.7,-0.0212,-0.0223,0.0513
2.72,-0.0037,-0.0337,0.0408
2.74,-0.0475,-0.0067,0.0425
2.76,0.0355,-0.0771,0.0076
2.78,-0.0137,-0.0427,0.0005
2.8,-0.0476,-0.0273,-0.0172
2.82,-0.0362,-0.0422,0.0002
2.84,0.0483,-0.008,0.0178
2.86,0.0159,-0.0048,-0.0124
2.88,-0.0167,-0.0013,0.012
2.9,0.0028,-0.012,0.0354
2.92,0.0138,-0.0239,0.0115
2.94,0.021,0.0364,0.0076
2.96,0.0241,-0.0083,0.0542
2.98,0.0074,-0.0361,0.0625
3.0,0.0117,-0.0104,0.0429
3.02,-0.0054,-0.0591,0.0185
3.04,0.0386,-0.0333,-0.0188
3.06,-0.0286,-0.0208,-0.0045
3.08,0.0125,-0.0553,-0.0305
3.1,-0.0333,-0.0794,0.0156
3.12,0.0028,-0.0473,-0.0073
3.14,0.0209,-0.0288,0.0235
3.16,0.0001,-0.0373,0.0702
3.18,-0.0086,-0.0542,-0.0031
3.2,-0.0177,-0.0553,0.0176
3.22,0.0354,-0.0536,-0.0173
3.24,0.0337,0.0117,0.0497
3.26,-0.0019,0.0419,-0.052
3.28,0.0083,-0.0567,0.019
3.3,0.0109,0.0505,-0.0103
3.32,0.031,-0.0597,0.0204
3.34,0.0446,-0.0501,0.0255
3.36,0.0524,0.0014,-0.014
3.38,0.0248,-0.0002,-0.0445
3.4,0.015,-0.0312,0.0325
3.42,0.0133,0.0781,-0.0001
3.44,0.0035,0.0291,-0.0
3.46,0.0682,-0.0085,0.0109
3.48,-0.0594,-0.0688,0.0533
3.5,0.0394,-0.0594,-0.024
3.52,0.0272,0.0102,-0.0121
3.54,-0.0344,-0.0354,0.0633
3.56,0.0273,-0.0467,-0.0166
3.58,0.0131,-0.0194,-0.0265
3.6,0.0462,-0.071,0.0454
3.62,0.0046,-0.014,0.0148
3.64,0.0094,-0.0645,0.0194
3.66,0.0169,0.0012,-0.0386
3.68,-0.0258,-0.0583,0.0096
3.7,0.0512,0.0157,0.0142
3.72,0.0293,-0.0815,0.0388
3.74,-0.0038,-0.046,0.0319
3.76,0.0207,-0.0166,0.0072
3.78,0.0451,-0.0014,0.0413
3.8,0.0446,0.0102,0.0392
3.82,0.001,-0.0103,0.0804
3.84,0.0013,-0.0312,-0.0017
3.86,0.0393,-0.0145,0.004
3.88,-0.0212,-0.0117,-0.0465
3.9,0.0004,-0.0435,0.0443
3.92,0.0404,-0.0457,0.0248
3.94,0.0455,0.0076,-0.0413
3.96,-0.0253,-0.0328,0.0176
3.98,-0.0119,0.001,0.0051
4.0,0.0084,0.0093,-0.0133
4.02,0.0126,-0.0202,0.0274
4.04,-0.0018,-0.0225,-0.04
4.06,0.0196,-0.0016,-0.0017
4.08,0.0537,-0.0045,-0.053
4.1,-0.0366,-0.0301,0.0086
4.12,0.0395,-0.0532,0.016
4.14,-0.0088,-0.0557,0.0115
4.16,0.0205,-0.0378,0.0007
4.18,-0.0179,-0.1017,0.0492
4.2,-0.0389,-0.027,0.0188
4.22,0.019,0.0088,-0.0678
4.24,-0.0165,-0.0246,0.0104
4.26,0.0143,-0.044,-0.0211
4.28,0.0328,-0.041,0.012
4.3,0.0406,-0.0662,0.0359
4.32,-0.0409,-0.0823,0.0018
4.34,0.0043,0.0536,0.0188
4.36,-0.0061,-0.0054,0.0492
4.38,0.0458,0.007,-0.01
4.4,0.0056,-0.0638,0.0419
4.42,0.0179,-0.0194,-0.0061
4.44,-0.034,-0.0126,-0.0512
4.46,0.015,-0.0128,0.0375
4.48,-0.0069,0.0032,0.043
4.5,0.044,-0.0498,-0.0334
4.52,0.0148,0.0232,0.0114
4.54,-0.0061,0.0107,0.0227
4.56,0.0056,0.0296,0.0162
4.58,0.0298,-0.063,0.0004
4.6,0.0321,0.0052,0.034
4.62,-0.0092,-0.0078,0.0003
4.64,0.0264,-0.0342,0.0339
4.66,0.0309,-0.0026,0.0175
4.68,-0.0186,-0.0266,0.0145
4.7,0.0072,-0.0715,0.0296
4.72,-0.0041,-0.0336,0.0135
4.74,-0.0359,-0.035,0.023
4.76,-0.0099,-0.0467,0.0528
4.78,0.0149,-0.0361,0.0915
4.8,0.0223,-0.0257,0.0159
4.82,0.0302,0.0007,0.0169
4.84,-0.0312,-0.0394,-0.0047
4.86,0.0344,0.0226,-0.0241
4.88,0.0197,-0.0356,0.0182
4.9,0.0372,0.0155,0.0196
4.92,-0.0272,-0.0143,-0.0156
4.94,0.0208,-0.0384,-0.0309
4.96,0.0992,-0.087,0.0188
4.98,0.0331,-0.0278,-0.0077
5.0,0.0722,0.0079,0.0387
5.02,-0.0123,-0.0571,0.0072
5.04,0.0096,-0.022,-0.0139
5.06,0.0257,-0.0479,0.0268
5.08,0.0385,0.0109,0.0011
5.1,0.0465,-0.0228,0.0313
5.12,0.0121,-0.0187,0.049
5.14,-0.0061,-0.0145,-0.0128
5.16,0.053,-0.0526,0.0056
5.18,0.0312,-0.0081,0.0234
5.2,-0.0113,-0.0321,0.0342
5.22,-0.0075,0.0193,-0.0046
5.24,0.0459,-0.0452,0.0293
5.26,0.0042,0.0179,0.0246
5.28,0.0454,-0.0047,0.021
5.3,0.0462,0.0363,0.0726
5.32,-0.051,-0.0506,0.0147
5.34,0.0105,0.0297,0.0192
5.36,-0.0373,-0.0544,-0.0454
5.38,-0.0406,-0.0319,-0.0106
5.4,-0.0423,-0.0182,0.0067
5.42,0.0323,-0.0249,0.0223
5.44,-0.0485,-0.0075,0.0168
5.46,0.0552,0.0033,0.0378
5.48,0.0497,-0.0313,0.0505
5.5,0.0377,-0.0114,0.0128
5.52,0.0604,-0.0047,0.0174
5.54,0.0112,0.034,-0.0111
5.56,-0.0421,-0.0564,0.0498
5.58,-0.0108,0.0145,0.069
5.6,0.0161,0.0082,0.0274
5.62,0.007,-0.0296,0.0153
5.64,-0.0508,-0.0207,0.0116
5.66,0.0243,0.0034,0.0291
5.68,0.031,-0.0281,0.0035
5.7,0.0048,-0.0113,0.0374
5.72,0.0329,0.0142,0.024
5.74,0.0153,-0.0542,-0.019
5.76,0.0171,-0.0108,0.0113
5.78,-0.0191,-0.0278,-0.0122
5.8,0.0008,0.0303,-0.0278
5.82,-0.0037,0.002,-0.005
5.84,0.0271,0.0527,0.0059
5.86,0.0115,0.0151,-0.04
5.88,-0.0191,0.0117,0.0303
5.9,0.0023,-0.0577,0.0121
5.92,0.0567,-0.0364,0.0168
5.94,-0.0342,-0.0199,-0.0142
5.96,-0.0064,-0.0201,-0.0146
5.98,0.0398,0.0072,0.0165
6.0,0.0608,0.0151,0.0268
6.02,0.0146,-0.0384,0.0163
6.04,0.0318,-0.0635,0.0196
6.06,-0.0246,0.0264,-0.0074
6.08,-0.0138,-0.0056,0.0346
6.1,-0.0184,-0.0701,0.0509
6.12,-0.0392,-0.0508,-0.0005
6.14,0.0095,-0.0184,0.0064
6.16,0.0491,0.0339,-0.0091
6.18,0.004,-0.0648,0.0296
6.2,0.0105,0.0243,0.0381
6.22,0.043,0.0041,-0.0042
6.24,-0.0111,0.0624,0.0463
6.26,-0.029,-0.01,0.0504
6.28,0.0375,-0.0336,0.0047
6.3,0.0103,-0.0414,-0.0518
6.32,0.0532,0.0272,-0.0463
6.34,-0.0091,-0.0258,-0.0232
6.36,0.0284,-0.074,0.0142
6.38,-0.016,-0.0033,0.0747
6.4,0.0074,-0.0336,0.0128
6.42,0.0399,0.0459,-0.0227
6.44,0.006,-0.0513,0.0185
6.46,0.034,-0.014,-0.0057
6.48,0.0067,-0.055,-0.0038
6.5,-0.0136,-0.0501,0.0063
6.52,0.0427,0.0123,0.0452
6.54,0.0068,-0.0309,0.0124
6.56,0.0805,-0.0053,0.0167
6.58,0.0091,-0.0214,0.0045
6.6,-0.0257,0.0306,0.0167
6.62,-0.0389,0.0116,-0.0161
6.64,-0.0463,-0.0452,0.0076
6.66,-0.0115,-0.0125,0.0083
6.68,0.0267,0.0257,-0.0156
6.7,-0.015,0.0003,0.0433
6.72,0.0915,-0.0161,-0.0012
6.74,-0.024,0.0013,-0.0228
6.76,0.0159,-0.0299,-0.0025
6.78,-0.0007,-0.0458,0.0221
6.8,-0.0226,-0.0769,-0.0156
6.82,-0.0018,-0.0733,0.0213
6.84,-0.0063,-0.0909,0.0092
6.86,0.0067,-0.0173,0.0324
6.88,0.0517,-0.0538,0.0186
6.9,-0.0307,-0.0314,0.0317
6.92,0.0404,-0.0223,-0.0144
6.94,0.0503,0.0387,0.0031
6.96,0.052,-0.0765,0.0508
6.98,0.0115,-0.02,0.018
7.0,0.0076,-0.0502,-0.0151
7.02,-0.0231,-0.0051,0.0009
7.04,0.051,-0.0198,0.0136
7.06,0.0191,0.0138,0.063
7.08,-0.0591,0.0132,0.0014
7.1,-0.0344,0.003,0.0248
7.12,0.0081,-0.0319,-0.0284
7.14,0.0197,-0.0014,0.0388
7.16,-0.0394,-0.0392,0.0502
7.18,0.0172,-0.0166,0.0457
7.2,0.0559,0.0232,0.0091
7.22,-0.0007,-0.0335,0.0213
7.24,0.0027,-0.0401,0.0281
7.26,0.0189,0.0562,-0.0217
7.28,-0.0132,-0.0088,0.0269
7.3,-0.0088,-0.0144,0.0089
7.32,-0.0199,-0.0009,-0.0034
7.34,0.0289,-0.0133,0.037
7.36,-0.0052,-0.0263,0.0023
7.38,-0.0095,-0.0482,0.0414
7.4,0.0281,0.0416,-0.0051
7.42,-0.0172,-0.0637,0.0317
7.44,-0.0209,0.0185,-0.0131
7.46,-0.02,-0.0512,-0.0426
7.48,0.0101,-0.0536,-0.007
7.5,-0.0109,-0.0067,-0.0493
7.52,-0.0005,-0.0491,0.0252
7.54,-0.0048,0.0188,-0.0024
7.56,0.1097,-0.0354,0.0146
7.58,0.0427,0.007,-0.0002
7.6,-0.0212,-0.0562,0.0412
7.62,0.0045,-0.0634,0.0174
7.64,0.0736,-0.0147,-0.0294
7.66,0.007,-0.0401,0.0741
7.68,0.0095,-0.0333,0.0214
7.7,-0.0541,-0.0112,0.0189
7.72,-0.019,-0.0114,-0.0268
7.74,0.0137,-0.0101,-0.0265
7.76,-0.0303,-0.0165,-0.0298
7.78,0.0148,-0.0176,-0.0016
7.8,-0.0106,-0.0356,0.034
7.82,0.0177,-0.0563,0.0044
7.84,-0.0178,-0.0069,-0.0453
7.86,0.0144,-0.0609,0.0649
7.88,0.0362,-0.0485,-0.0187
7.9,0.0559,0.006,0.0281
7.92,0.0294,-0.0174,0.0085
7.94,-0.04,-0.0555,0.0145
7.96,0.0139,-0.0033,0.0089
7.98,0.0099,0.0048,0.0095
8.0,-0.0026,0.0093,-0.0401
8.02,0.0468,-0.0631,0.0029
8.04,0.0631,-0.0271,0.0902
8.06,-0.0353,-0.0031,0.048
8.08,-0.0114,-0.0288,0.0062
8.1,0.0176,-0.0206,0.0272
8.12,0.0403,0.0144,0.0375
8.14,0.0602,-0.0092,0.0499
8.16,-0.0444,0.0139,-0.0171
8.18,0.0427,-0.034,-0.0207
8.2,0.0275,-0.0222,0.0457
8.22,0.0222,-0.0289,0.0391
8.24,0.0053,0.0203,0.0107
8.26,-0.0367,-0.0178,-0.0357
8.28,-0.0096,-0.0544,0.0205
8.3,0.0798,-0.0023,-0.0242
8.32,0.0306,-0.0452,-0.0346
8.34,0.0068,0.0033,0.0565
8.36,0.0149,-0.0208,0.013
8.38,0.0342,-0.0305,0.0701
8.4,-0.0585,-0.0004,0.0146
8.42,0.0141,-0.0124,0.0087
8.44,0.032,-0.0378,0.0203
8.46,0.0158,0.0133,0.018
8.48,0.0324,0.0042,-0.0056
8.5,0.0536,-0.0282,-0.0017
8.52,0.0469,-0.0456,-0.0086
8.54,0.0034,-0.0148,0.0445
8.56,-0.0208,-0.0544,-0.0146
8.58,-0.0108,0.0107,0.0416
8.6,0.0881,-0.0641,-0.022
8.62,-0.0214,0.0126,-0.013
8.64,0.0376,-0.043,-0.0195
8.66,-0.0044,-0.0188,0.0149
8.68,0.0228,-0.0778,0.0387
8.7,0.0339,-0.0164,-0.0027
8.72,-0.0185,0.0244,0.0009
8.74,-0.022,0.0405,0.0456
8.76,0.0393,-0.0842,-0.025
8.78,0.0025,-0.0327,0.054
8.8,-0.0326,-0.0351,0.0443
8.82,0.0249,-0.0024,-0.0036
8.84,-0.0434,0.0079,0.036
8.86,0.0293,-0.0034,-0.0153
8.88,0.0428,-0.041,0.0443
8.9,-0.0194,0.0186,0.02
8.92,-0.008,0.0182,0.0417
8.94,0.0195,-0.0495,0.0108
8.96,-0.0332,0.0026,0.0499
8.98,0.0143,-0.0056,0.0114
9.0,0.0006,-0.0675,-0.0033
9.02,0.009,-0.0043,-0.0239
9.04,0.0585,-0.0586,0.0006
9.06,0.0065,-0.0139,-0.0159
9.08,0.0237,-0.0472,0.0131
9.1,0.041,-0.0399,-0.0238
9.12,-0.0093,0.0664,0.0619
9.14,-0.0028,-0.0379,0.0072
9.16,0.031,-0.0128,0.0104
9.18,0.0163,-0.0309,0.0451
9.2,0.0172,-0.0088,0.0362
9.22,0.0223,0.0202,0.0148
9.24,-0.0124,-0.0295,-0.003
9.26,0.0099,-0.0526,0.0404
9.28,-0.0147,0.0267,-0.0103
9.3,0.0128,0.0126,0.0149
9.32,0.0439,-0.0374,0.0104
9.34,0.0212,-0.0187,0.059
9.36,0.0374,0.0196,-0.0031
9.38,0.0553,-0.0009,0.0368
9.4,0.02,0.0244,-0.0069
9.42,-0.0102,0.031,0.0164
9.44,0.0888,-0.0183,-0.0226
9.46,0.0003,-0.0793,0.0637
9.48,0.0132,-0.022,0.0114
9.5,-0.0067,-0.0039,0.0311
9.52,0.0249,-0.0482,-0.0174
9.54,-0.0038,-0.0443,0.029
9.56,-0.0308,0.0285,-0.0013
9.58,0.0297,0.0243,-0.0221
9.6,0.0078,-0.034,0.0205
9.62,-0.0114,-0.0067,0.0013
9.64,0.0178,-0.0043,0.109
9.66,0.0191,0.0075,-0.0077
9.68,0.0047,-0.029,0.059
9.7,0.0208,-0.0057,0.0085
9.72,0.0003,0.0092,0.0194
9.74,0.0399,-0.0446,0.0082
9.76,0.0043,0.0055,0.005
9.78,-0.0152,-0.0599,0.0165
9.8,-0.0368,-0.0858,0.0204
9.82,0.008,0.0036,0.0439
9.84,-0.0267,-0.0007,0.0205
9.86,-0.0166,-0.0364,-0.0536
9.88,0.0126,-0.0887,-0.0371
9.9,0.0609,-0.0142,0.0252
9.92,0.0859,-0.0451,0.0314
9.94,0.0107,-0.0005,0.0523
9.96,0.0181,-0.0495,0.0716
9.98,0.037,-0.0315,0.012
10.0,0.021,0.0094,0.0177
10.02,0.0338,0.0329,-0.001
10.04,-0.05,-0.0067,0.05
10.06,0.0174,-0.022,0.0478
10.08,0.0295,0.0139,0.0408
10.1,0.0639,-0.0126,0.0447
10.12,0.0204,-0.0013,0.0087
10.14,-0.0354,-0.0104,0.0164
10.16,0.028,-0.0404,0.0376
10.18,0.0024,0.0154,0.0063
10.2,0.0138,-0.0006,0.0142
10.22,0.038,-0.0242,0.0165
10.24,0.0383,-0.0288,0.0081
10.26,-0.0193,0.0065,-0.004
10.28,-0.0173,0.0088,-0.017
10.3,0.0224,0.0446,0.0203
10.32,0.0322,0.0398,0.0438
10.34,0.0112,-0.0476,-0.0256
10.36,0.0256,-0.0233,0.0289
10.38,0.0564,-0.0239,0.0171
10.4,0.0795,-0.0436,0.0265
10.42,0.0399,0.0123,0.0812
10.44,-0.0071,0.0008,0.0398
10.46,0.0264,0.0122,0.0524
10.48,-0.0061,-0.0292,0.021
10.5,0.0034,0.0595,-0.0085
10.52,0.042,-0.0324,0.008
10.54,-0.0027,-0.0137,-0.0065
10.56,-0.0269,0.0004,0.0292
10.58,-0.0217,-0.0411,0.0154
10.6,0.067,-0.0123,-0.0334
10.62,0.0317,0.0022,-0.0088
10.64,0.0039,0.0198,-0.0197
10.66,-0.0091,-0.0496,-0.0011
10.68,0.0457,-0.0487,-0.001
10.7,-0.0242,-0.0407,-0.016
10.72,-0.0184,-0.0145,0.007
10.74,-0.0281,0.0502,0.0218
10.76,0.0003,-0.0031,0.103
10.78,0.0506,-0.0597,0.0632
10.8,0.0355,0.0004,-0.0089
10.82,0.0086,-0.0324,0.0395
10.84,0.0359,-0.0208,-0.0236
10.86,-0.0239,-0.017,0.0132
10.88,0.0194,-0.0173,0.0546
10.9,-0.0465,-0.0358,0.0006
10.92,0.0715,-0.0407,-0.0134
10.94,0.0364,0.013,0.0243
10.96,0.0216,-0.0742,-0.0412
10.98,-0.0014,-0.0129,-0.0139
11.0,-0.0366,-0.0241,-0.0044
11.02,-0.0131,-0.0162,0.0567
11.04,0.012,-0.0118,0.0435
11.06,0.0393,-0.0342,0.0505
11.08,-0.0221,0.0031,0.0504
11.1,0.0208,-0.0555,0.0544
11.12,0.0388,0.0194,0.0433
11.14,-0.0098,0.006,0.0138
11.16,0.086,-0.0437,0.0269
11.18,0.0406,-0.0336,-0.0033
11.2,-0.0141,-0.0252,0.0037
11.22,0.025,0.008,0.0085
11.24,-0.0015,0.0104,0.001
11.26,0.0316,-0.0451,0.0014
11.28,0.0045,0.0066,0.0469
11.3,0.0186,-0.014,0.0401
11.32,0.0261,-0.0189,-0.0245
11.34,-0.0042,-0.0469,0.014
11.36,0.0302,-0.0158,-0.0244
11.38,-0.0224,-0.0236,-0.026
11.4,-0.0251,-0.0004,-0.0103
11.42,0.0328,-0.0006,0.031
11.44,-0.0049,-0.014,-0.0143
11.46,-0.0193,-0.0304,-0.0266
11.48,0.0167,-0.065,-0.0308
11.5,-0.0264,-0.0068,-0.0329
11.52,0.0482,0.0203,-0.0022
11.54,0.0756,-0.0455,-0.0023
11.56,-0.0478,-0.0139,0.0143
11.58,-0.0011,-0.0269,0.0079
11.6,0.0075,-0.0153,0.0231
11.62,-0.0165,0.0353,0.0518
11.64,0.0093,-0.0578,-0.0239
11.66,0.0196,-0.029,-0.0135
11.68,0.0324,-0.0867,0.0118
11.7,-0.0172,-0.0319,-0.0097
11.72,0.0393,-0.0299,-0.0129
11.74,0.0566,-0.0083,0.0618
11.76,0.0378,-0.0482,0.072
11.78,0.005,-0.0185,-0.0022
11.8,0.0149,-0.057,0.0399
11.82,-0.0152,-0.037,0.0119
11.84,0.0135,0.0129,0.0255
11.86,0.037,0.0074,0.0118
11.88,0.0524,0.0507,0.007
11.9,-0.0371,0.0009,0.0323
11.92,0.0231,0.005,0.0292
11.94,0.0084,-0.0238,0.0143
11.96,0.0224,0.041,-0.0082
11.98,-0.0094,0.0315,0.0434
12.0,0.0185,-0.0239,0.0372
12.02,-0.0232,0.0084,0.014
12.04,0.0087,-0.0197,0.0093
12.06,0.0164,-0.0197,-0.0058
12.08,0.0621,-0.0758,0.0179
12.1,-0.0201,-0.0025,-0.0108
12.12,0.0033,0.0166,-0.0202
12.14,-0.06,0.0015,0.0826
12.16,-0.0014,-0.0299,0.0058
12.18,0.07,0.0187,0.0105
12.2,0.0253,0.024,0.0541
12.22,0.0038,-0.0551,0.0047
12.24,-0.0476,-0.0347,0.063
12.26,-0.0314,-0.0099,0.0049
12.28,0.0159,-0.0683,0.0748
12.3,0.0118,-0.0437,-0.0388
12.32,-0.0083,-0.0741,0.0209
12.34,0.0354,-0.0558,-0.046
12.36,0.0047,-0.0155,0.0733
12.38,-0.009,-0.0204,0.0205
12.4,-0.0093,-0.0657,-0.041
12.42,-0.0257,-0.017,0.0422
12.44,-0.0435,0.0008,0.0114
12.46,0.0183,-0.0087,0.0062
12.48,-0.0228,-0.0187,-0.0485
12.5,-0.0113,0.0068,0.0145
12.52,-0.0107,-0.0187,-0.0058
12.54,0.016,-0.0212,0.0327
12.56,0.0319,0.0289,-0.0244
12.58,-0.017,-0.0103,0.0323
12.6,-0.012,-0.0268,-0.0042
12.62,0.021,-0.0364,0.0124
12.64,0.0032,-0.0045,-0.0071
12.66,0.0222,0.0027,-0.012
12.68,0.0218,-0.0829,0.0204
12.7,0.0,0.0055,-0.007
12.72,0.0635,-0.0344,0.0033
12.74,0.0271,-0.0278,0.0242
12.76,0.0114,-0.0232,0.0268
12.78,-0.0624,-0.0748,0.0608
12.8,-0.0029,-0.036,0.0675
12.82,0.0121,-0.014,0.0384
12.84,0.0097,-0.0237,0.0168
12.86,-0.0232,-0.0813,0.0043
12.88,0.0373,-0.0721,0.002
12.9,0.0013,0.0165,0.0311
12.92,0.0005,-0.007,0.0683
12.94,0.0338,-0.0058,0.0189
12.96,0.0003,-0.0245,-0.0202
12.98,-0.0199,-0.072,-0.0077
13.0,0.0155,-0.0426,-0.0356
13.02,-0.0065,0.0181,0.0002
13.04,-0.0137,-0.0033,0.0781
13.06,0.0025,-0.0493,0.0232
13.08,0.041,-0.0771,0.043
13.1,-0.0127,0.0132,0.0017
13.12,-0.023,-0.0328,0.0097
13.14,-0.0413,-0.0324,-0.0078
13.16,-0.0283,-0.0237,0.018
13.18,-0.0012,-0.016,0.0493
13.2,0.0586,0.006,0.0173
13.22,0.0008,-0.0231,0.0225
13.24,0.0275,-0.0242,0.0379
13.26,0.0132,-0.031,0.0332
13.28,0.024,-0.0156,0.0638
13.3,0.0305,-0.0109,0.0158
13.32,0.0132,-0.0309,0.0373
13.34,-0.0034,-0.0336,0.0179
13.36,0.0366,0.0203,0.0293
13.38,0.0165,-0.005,-0.0162
13.4,-0.007,0.0039,0.0159
13.42,-0.0289,0.0461,0.0013
13.44,0.046,0.0016,0.0047
13.46,0.0421,-0.0212,0.0408
13.48,0.0279,0.0183,0.0407
13.5,-0.0565,-0.0299,0.0213
13.52,-0.0007,-0.0192,0.0798
13.54,0.0021,-0.0233,-0.0059
13.56,0.0034,0.0201,-0.012
13.58,0.0172,-0.0125,-0.0184
13.6,-0.0248,0.023,0.0202
13.62,0.0012,-0.0668,0.0155
13.64,-0.0301,-0.0886,0.0225
13.66,-0.0042,0.0088,0.0097
13.68,-0.0036,-0.0307,0.0258
13.7,0.0057,-0.0546,-0.0207
13.72,-0.026,-0.0209,0.0459
13.74,-0.012,-0.0014,-0.0194
13.76,0.018,-0.052,0.0433
13.78,-0.0386,-0.028,-0.0161
13.8,-0.0236,0.0272,0.0256
13.82,0.0316,-0.0068,0.0023
13.84,0.0025,-0.0078,0.0306
13.86,0.0022,0.0125,0.0291
13.88,-0.038,-0.0028,0.015
13.9,0.0051,-0.0271,0.0353
13.92,-0.0295,-0.0385,0.0231
13.94,-0.0143,-0.0391,0.0114
13.96,0.0134,-0.0173,0.0106
13.98,-0.0045,-0.0332,0.0519
14.0,-0.0221,-0.0358,0.0317
14.02,-0.0175,-0.0245,0.0133
14.04,-0.0017,-0.0277,-0.0355
14.06,-0.0161,-0.0342,0.0214
14.08,0.0508,-0.014,-0.0083
14.1,0.0233,0.0249,0.0236
14.12,0.0307,-0.0424,0.0146
14.14,-0.0172,0.0417,-0.0968
14.16,0.0592,-0.0318,0.0531
14.18,-0.0235,0.001,0.0387
14.2,-0.0014,0.0012,0.0397
14.22,0.0762,0.0214,0.0851
14.24,0.035,-0.029,0.018
14.26,0.049,-0.0146,0.0278
14.28,0.0361,-0.0426,0.0087
14.3,-0.0132,-0.0363,0.0552
14.32,0.0325,-0.0744,0.0174
14.34,-0.0143,0.0011,0.0074
14.36,0.0091,-0.028,0.0043
14.38,0.0392,-0.0158,-0.0171
14.4,0.0543,0.0148,-0.0372
14.42,0.0624,0.0099,0.0369
14.44,0.0272,-0.0367,-0.0126
14.46,0.0051,-0.0171,-0.0432
14.48,0.0442,-0.0232,0.0376
14.5,0.0465,-0.0126,0.0418
14.52,-0.0046,0.0235,0.0381
14.54,0.0212,-0.0134,0.0235
14.56,0.0049,0.0083,0.0635
14.58,0.0069,-0.0302,0.002
14.6,-0.0126,-0.0226,0.0321
14.62,-0.0008,0.0522,0.0103
14.64,0.0119,-0.0108,0.0745
14.66,0.0271,-0.0003,0.0215
14.68,-0.0211,-0.0101,0.0224
14.7,-0.0025,0.0131,-0.018
14.72,0.0638,-0.0435,-0.0106
14.74,-0.0239,-0.0735,0.0004
14.76,0.0409,0.0327,0.0332
14.78,0.0466,-0.0112,0.0162
14.8,-0.0186,-0.0779,0.0269
14.82,0.0435,-0.0226,-0.004
14.84,0.0194,-0.0388,0.0122
14.86,-0.0051,-0.044,-0.0035
14.88,-0.0066,0.0145,-0.0124
14.9,0.0579,-0.0329,-0.0522
14.92,0.0281,-0.0102,0.0064
14.94,-0.0156,-0.038,0.0972
14.96,0.0092,0.0159,0.0213
14.98,-0.0084,-0.0189,-0.024
15.0,0.044,-0.0383,0.026
15.02,-0.0197,-0.0232,0.0096
15.04,-0.0054,-0.0127,0.0656
15.06,0.0311,-0.0588,0.014
15.08,-0.0076,-0.063,0.0083
15.1,0.0313,-0.0273,-0.0513
15.12,0.0334,-0.0674,-0.0135
15.14,-0.005,-0.031,-0.0312
15.16,0.0493,-0.0281,0.0046
15.18,0.0217,0.0101,-0.0004
15.2,0.0078,-0.0358,0.0258
15.22,-0.0306,0.0308,0.0114
15.24,-0.0338,-0.0504,0.0543
15.26,-0.0165,0.0161,0.0278
15.28,0.0397,-0.0329,0.0203
15.3,-0.0429,-0.0241,0.0428
15.32,0.0022,-0.0498,0.0177
15.34,0.0206,-0.0586,0.0459
15.36,0.0411,-0.0273,-0.009
15.38,-0.0297,-0.0076,0.0315
15.4,0.0169,-0.0397,0.0157
15.42,0.025,-0.0242,0.0686
15.44,0.0054,0.0056,0.0207
15.46,-0.0526,-0.0064,0.0014
15.48,-0.0235,0.0286,-0.0083
15.5,0.0275,-0.0462,0.0388
15.52,-0.0157,-0.0312,0.0413
15.54,-0.0159,-0.0055,0.0569
15.56,-0.0263,-0.0009,0.0069
15.58,-0.0139,-0.0441,0.1111
15.6,0.0151,-0.0068,0.0292
15.62,0.0107,-0.0527,0.0156
15.64,-0.0138,-0.0456,0.0115
15.66,0.0156,0.0227,0.0501
15.68,0.042,-0.075,-0.0073
15.7,0.0034,-0.0205,0.0533
15.72,0.0147,-0.0481,0.0027
15.74,-0.0603,-0.0195,0.0235
15.76,-0.006,0.0055,-0.0217
15.78,0.0048,-0.0524,0.0481
15.8,0.0112,0.0081,0.0001
15.82,-0.0219,-0.0305,-0.0347
15.84,0.0172,-0.0565,-0.001
15.86,0.0066,-0.0541,0.0506
15.88,0.0239,-0.0271,0.041
15.9,-0.0229,-0.0178,0.0451
15.92,0.0043,0.0384,0.0021
15.94,-0.0033,-0.0606,0.0172
15.96,-0.0026,-0.0068,0.0153
15.98,-0.0022,0.002,0.0462
16.0,0.0101,0.0402,0.0375
16.02,-0.0015,-0.0087,0.0029
16.04,0.0562,-0.0017,0.0153
16.06,0.0216,-0.0487,0.0187
16.08,0.0461,-0.0223,-0.0299
16.1,0.0552,-0.0251,0.0663
16.12,0.014,-0.021,-0.0238
16.14,-0.0223,-0.089,0.0298
16.16,0.0122,-0.0629,0.0281
16.18,0.0182,0.0055,-0.0594
16.2,-0.0266,-0.0566,0.0027
16.22,0.0383,0.0115,-0.0166
16.24,-0.0053,0.024,0.063
16.26,0.0718,-0.0395,0.005
16.28,-0.0106,0.0167,0.062
16.3,0.0678,0.0299,0.0455
16.32,0.0009,0.002,-0.0141
16.34,0.0093,-0.0296,-0.0201
16.36,-0.0063,0.0252,0.0012
16.38,0.0302,0.0189,0.0057
16.4,-0.028,-0.0236,0.0505
16.42,0.0012,0.0393,0.0052
16.44,-0.0215,0.0229,0.0546
16.46,0.0174,-0.0519,-0.0249
16.48,0.0006,0.0138,0.038
16.5,0.0012,-0.0279,0.045
16.52,0.0163,-0.0639,0.0305
16.54,0.0029,-0.0804,-0.02
16.56,-0.0056,-0.0123,0.0428
16.58,-0.022,-0.0082,0.0112
16.6,0.0037,-0.0242,-0.0585
16.62,-0.0066,-0.0366,0.0796
16.64,-0.0288,0.0004,0.0098
16.66,0.0226,-0.0763,0.0017
16.68,0.0201,-0.0345,0.0251
16.7,0.0024,0.0064,0.0492
16.72,0.0111,-0.007,-0.0136
16.74,-0.032,-0.0457,0.0419
16.76,0.0373,0.0042,0.0113
16.78,0.0229,-0.0388,0.0135
16.8,0.0032,0.0148,0.0449
16.82,0.0275,0.0296,0.0007
16.84,0.038,-0.0155,-0.0077
16.86,0.029,-0.0027,0.0686
16.88,0.0606,-0.0225,0.0044
16.9,0.0108,-0.0491,-0.0076
16.92,0.0179,-0.034,0.0134
16.94,0.021,-0.0724,-0.0504
16.96,-0.0406,-0.0047,-0.0245
16.98,0.0177,-0.0263,0.0431
17.0,-0.0195,0.0031,0.0085
17.02,-0.0249,-0.0238,-0.0303
17.04,-0.016,-0.01,0.0027
17.06,-0.0032,-0.0049,-0.0085
17.08,-0.0197,-0.0191,-0.0041
17.1,0.0272,0.0131,0.0122
17.12,0.0134,-0.0149,0.0041
17.14,-0.0389,-0.0095,0.0072
17.16,0.0081,-0.0341,-0.0046
17.18,-0.0267,-0.0035,0.0203
17.2,0.0128,0.0193,0.0072
17.22,-0.0126,-0.0115,0.0112
17.24,-0.0281,-0.0229,0.0179
17.26,0.0265,-0.0535,-0.02
17.28,0.01,-0.0359,-0.0129
17.3,-0.0533,-0.0321,-0.0223
17.32,0.0128,-0.0287,0.0033
17.34,0.0433,-0.0689,-0.0449
17.36,0.0049,-0.0222,-0.0162
17.38,0.0176,0.0215,-0.0102
17.4,0.0329,-0.0389,0.0063
17.42,0.0685,-0.0325,0.0041
17.44,-0.0393,-0.0502,0.0133
17.46,0.0169,0.0,-0.0331
17.48,-0.0271,-0.0023,0.0014
17.5,0.0089,-0.0108,0.008
17.52,0.0889,-0.0406,-0.0556
17.54,-0.0395,-0.006,0.0047
17.56,0.0013,-0.0327,0.0426
17.58,0.0241,-0.0089,0.0115
17.6,0.0113,-0.0033,0.0337
17.62,0.0151,-0.0707,0.0216
17.64,0.064,-0.0128,-0.0118
17.66,-0.0313,0.0036,-0.023
17.68,0.0726,-0.0077,-0.0724
17.7,-0.0242,-0.0221,-0.0177
17.72,-0.0295,-0.0676,0.0181
17.74,0.0257,0.0017,0.0128
17.76,0.0361,-0.0336,0.0216
17.78,-0.0028,-0.0038,-0.0106
17.8,0.0293,-0.0076,0.0018
17.82,-0.0224,-0.0246,0.0583
17.84,-0.0038,-0.0613,0.0534
17.86,-0.0133,-0.0172,0.0347
17.88,0.0615,0.0116,0.0389
17.9,0.0075,-0.0229,0.0165
17.92,0.0621,-0.0068,-0.0059
17.94,-0.0025,-0.0252,0.0335
17.96,0.0354,-0.0243,0.0392
17.98,-0.0381,0.0399,0.0241
18.0,-0.0388,-0.0638,0.0092
18.02,0.0144,-0.0373,-0.0135
18.04,-0.0035,-0.0597,0.0221
18.06,-0.0104,-0.0168,0.0093
18.08,0.0361,-0.021,0.009
18.1,0.0002,-0.0504,-0.0112
18.12,0.014,0.0313,-0.0044
18.14,0.0502,0.0118,-0.0057
18.16,-0.0154,0.0022,-0.0316
18.18,-0.0169,-0.0139,0.0692
18.2,0.0165,0.0029,-0.0017
18.22,0.025,-0.0074,-0.03
18.24,0.0079,-0.0173,-0.001
18.26,0.0224,-0.0218,-0.0044
18.28,-0.0215,-0.0495,0.0136
18.3,0.0377,-0.0704,0.0286
18.32,-0.0149,-0.0054,-0.016
18.34,-0.0305,-0.0206,0.056
18.36,0.0478,-0.036,0.0076
18.38,0.0162,0.0081,0.1062
18.4,-0.0257,-0.0897,0.0505
18.42,0.0182,-0.0822,0.0757
18.44,0.0147,0.0024,-0.0138
18.46,0.0512,-0.0043,-0.0024
18.48,0.0476,-0.0159,0.0187
18.5,0.0269,0.015,0.0186
18.52,-0.0121,0.0269,0.034
18.54,-0.0164,0.0342,-0.0063
18.56,0.1027,-0.0118,0.027
18.58,0.0359,-0.0281,0.0408
18.6,0.0308,0.0505,0.0197
18.62,0.0302,0.046,-0.0004
18.64,-0.017,-0.0409,-0.0449
18.66,-0.0274,-0.0192,-0.015
18.68,0.0239,-0.0447,0.0337
18.7,-0.0311,-0.028,0.0126
18.72,-0.0021,-0.0181,0.0145
18.74,0.0058,-0.0709,0.0326
18.76,0.0268,-0.0171,0.0505
18.78,-0.0425,-0.0569,0.0401
18.8,0.0237,-0.061,-0.0088
18.82,-0.0173,-0.0587,0.0312
18.84,0.0347,-0.0866,0.003
18.86,-0.0043,0.0006,0.0805
18.88,-0.0318,-0.0124,0.0108
18.9,-0.0059,-0.051,0.0318
18.92,0.004,-0.0294,-0.0074
18.94,0.0068,-0.0015,-0.0073
18.96,-0.0016,0.0116,0.0083
18.98,0.0184,-0.0829,0.0189
19.0,0.0201,-0.042,-0.009
19.02,-0.0357,0.0008,0.0557
19.04,-0.0037,0.0156,0.0034
19.06,-0.0156,-0.0003,-0.0082
19.08,-0.0001,-0.0225,0.0766
19.1,0.0029,-0.0616,0.0315
19.12,-0.0136,0.022,0.0269
19.14,0.0131,-0.0227,-0.024
19.16,-0.0247,-0.0727,0.0114
19.18,-0.0129,-0.0343,0.0097
19.2,0.0633,-0.005,0.0103
19.22,-0.0034,-0.0345,0.0101
19.24,0.0333,0.0275,-0.0065
19.26,-0.0094,-0.082,0.0752
19.28,-0.0567,-0.0749,0.0256
19.3,-0.055,-0.0098,-0.0178
19.32,0.0278,-0.0308,0.0408
19.34,0.0387,-0.0093,0.0687
19.36,0.002,-0.0851,-0.0208
19.38,0.0173,-0.0175,0.0175
19.4,0.0082,-0.0343,0.0146
19.42,-0.0372,-0.0307,0.0358
19.44,0.0019,-0.0518,-0.0159
19.46,0.0552,-0.021,0.0154
19.48,-0.0025,-0.0415,0.0016
19.5,0.0381,-0.1025,0.0573
19.52,0.0546,0.0003,0.0092
19.54,0.0298,-0.0373,0.0433
19.56,0.03,-0.0296,-0.0588
19.58,0.0198,-0.0185,0.0259
19.6,-0.0096,-0.006,-0.0244
19.62,0.0582,-0.0243,-0.0718
19.64,0.021,-0.0453,0.0488
19.66,0.056,-0.0491,0.0157
19.68,0.0205,0.0063,-0.0029
19.7,0.0078,-0.0291,0.0268
19.72,0.0094,0.0014,-0.0054
19.74,-0.0123,-0.0283,0.0192
19.76,-0.0046,-0.0239,0.0556
19.78,0.0669,-0.0029,0.0099
19.8,0.0084,-0.0135,0.0608
19.82,0.031,0.0095,0.0194
19.84,0.0011,-0.0023,0.0458
19.86,0.0479,-0.0307,-0.0328
19.88,0.0048,0.02,-0.0331
19.9,0.0129,-0.0993,0.0614
19.92,-0.0375,-0.0208,0.0249
19.94,0.0415,0.0422,-0.007
19.96,-0.0068,-0.0347,-0.0197
19.98,-0.0102,0.0187,0.0014
20.0,0.0262,-0.0467,0.0238
20.02,0.0216,-0.002,-0.0301
20.04,0.02,0.0123,-0.0104
20.06,0.0161,0.0436,0.0011
20.08,0.0314,0.0009,0.0248
20.1,0.0011,-0.0085,0.0216
20.12,-0.019,-0.008,-0.0369
20.14,0.0159,-0.0081,0.0096
20.16,-0.0366,-0.0339,0.0073
20.18,0.0247,-0.0466,-0.0315
20.2,0.0164,-0.0483,-0.0055
20.22,-0.0327,0.0059,0.0173
20.24,-0.0066,0.0027,-0.02
20.26,-0.011,0.0045,0.0532
20.28,-0.0093,-0.0168,0.0259
20.3,0.0353,-0.0544,-0.0271
20.32,0.0248,-0.0357,0.0517
20.34,-0.0102,-0.0822,0.0615
20.36,-0.015,-0.0426,0.0505
20.38,0.0665,-0.0469,0.0314
20.4,0.0058,-0.0598,0.0024
20.42,0.0674,-0.022,0.0421
20.44,0.0057,-0.06,-0.0312
20.46,0.0024,-0.0295,0.0477
20.48,0.0101,0.0352,-0.0072
20.5,0.021,-0.061,-0.0605
20.52,0.011,-0.0845,0.0619
20.54,-0.0407,-0.032,-0.016
20.56,0.0181,-0.003,0.0192
20.58,0.0066,-0.0073,0.0248
20.6,-0.0305,-0.0363,0.0401
20.62,0.017,0.0294,0.0474
20.64,0.022,0.0614,0.0308
20.66,-0.013,-0.025,-0.0121
20.68,-0.0109,-0.0054,-0.0132
20.7,-0.0287,-0.0758,0.0052
20.72,0.0024,-0.0167,0.02
20.74,-0.0134,-0.0201,0.0069
20.76,0.051,-0.0654,0.0044
20.78,0.036,0.0071,0.0451
20.8,0.0381,-0.0029,0.0126
20.82,0.0223,0.007,0.0321
20.84,-0.0051,-0.0298,0.0607
20.86,0.0342,-0.01,0.0367
20.88,-0.0295,-0.0541,-0.0134
20.9,-0.0021,-0.054,-0.0232
20.92,0.0324,0.0017,0.027
20.94,-0.037,-0.0195,0.0416
20.96,-0.0112,-0.0053,-0.0154
20.98,-0.0273,-0.0448,0.012
21.0,0.0146,-0.0285,0.058
21.02,0.0333,-0.0258,0.0126
21.04,0.0067,-0.0195,0.0167
21.06,-0.0319,-0.0429,0.0673
21.08,0.0057,-0.0089,-0.0233
21.1,-0.0092,0.0261,0.0127
21.12,0.0614,-0.0175,0.0771
21.14,-0.0362,-0.0226,-0.0099
21.16,-0.0207,-0.0188,-0.0274
21.18,-0.04,0.0013,0.0141
21.2,0.0057,-0.0461,0.0206
21.22,-0.007,0.0364,0.0113
21.24,-0.0039,-0.0069,0.0207
21.26,0.0234,-0.0175,0.0454
21.28,-0.0073,0.0111,0.038
21.3,0.0148,-0.0812,0.0509
21.32,-0.04,-0.0287,-0.0308
21.34,-0.0021,0.0036,0.0377
21.36,0.0142,0.0059,0.0264
21.38,0.0408,-0.0025,0.0141
21.4,-0.0057,-0.0595,-0.035
21.42,-0.0368,-0.011,-0.0154
21.44,0.0675,-0.0159,0.0305
21.46,0.0114,-0.0115,-0.0245
21.48,0.0144,-0.1026,-0.013
21.5,-0.0058,-0.0349,0.005
21.52,0.0299,0.0093,0.0534
21.54,0.0277,-0.0339,0.0387
21.56,-0.0535,-0.0305,0.0213
21.58,0.0334,-0.0305,0.0199
21.6,0.0293,-0.0366,0.0378
21.62,0.0215,0.0338,0.021
21.64,-0.0483,-0.014,-0.0079
21.66,0.0088,-0.0223,-0.0058
21.68,0.0452,-0.0329,0.0555
21.7,-0.0014,-0.0128,-0.0156
21.72,-0.0126,0.0449,-0.0329
21.74,0.0073,-0.025,0.0236
21.76,-0.0302,0.0185,0.0136
21.78,-0.0111,-0.0467,-0.0427
21.8,0.0605,0.0131,0.0048
21.82,0.053,0.034,0.0347
21.84,-0.0436,0.0012,0.0447
21.86,0.0116,-0.0027,-0.03
21.88,0.0578,0.0095,0.0286
21.9,0.0253,-0.0094,-0.0209
21.92,-0.0091,0.0197,0.0089
21.94,0.0226,0.0365,0.0351
21.96,0.0136,-0.0074,0.0741
21.98,-0.0389,0.0101,-0.0264
22.0,-0.0068,-0.0538,-0.0331
22.02,0.0444,-0.0036,0.0541
22.04,-0.0343,0.0016,0.0103
22.06,0.0252,0.0393,0.0464
22.08,0.0014,-0.0035,0.0701
22.1,0.0259,-0.0029,0.0138
22.12,0.0065,-0.0493,-0.0002
22.14,0.0071,-0.0342,0.0111
22.16,0.0318,-0.0041,0.015
22.18,-0.0134,0.0096,0.0098
22.2,0.0299,-0.0248,0.0405
22.22,-0.0627,0.0043,-0.0157
22.24,-0.0026,-0.0564,0.0352
22.26,-0.0258,-0.0432,0.0673
22.28,0.0227,-0.0108,0.0089
22.3,-0.0109,-0.0433,0.0371
22.32,0.0357,-0.0378,0.0084
22.34,0.062,-0.0587,0.0045
22.36,0.0223,-0.0746,0.036
22.38,-0.0224,-0.031,0.0102
22.4,-0.0284,-0.0404,0.0621
22.42,-0.0255,-0.0746,0.067
22.44,-0.0056,0.0217,-0.0158
22.46,0.0017,-0.0376,0.0249
22.48,0.0283,-0.022,0.0319
22.5,-0.0087,-0.0352,0.0326
22.52,0.0305,-0.0328,0.0575
22.54,0.0539,-0.0154,-0.0072
22.56,-0.0015,-0.0066,0.0383
22.58,-0.0054,-0.0643,-0.0142
22.6,0.045,0.0221,-0.0437
22.62,0.0268,-0.0258,0.0364
22.64,0.0175,-0.084,0.0035
22.66,0.0162,-0.007,0.0314
22.68,0.0334,-0.0326,0.0378
22.7,0.0019,0.0418,0.0447
22.72,0.0166,0.0228,0.0288
22.74,0.0269,0.0101,0.0328
22.76,-0.0102,-0.0703,0.0343
22.78,0.0145,-0.0374,0.0273
22.8,0.0115,-0.0366,0.0161
22.82,-0.0163,-0.0174,0.056
22.84,-0.0005,-0.0514,0.0009
22.86,0.0295,0.0,0.0343
22.88,0.0342,-0.0235,0.0029
22.9,0.0166,-0.0078,-0.0308
22.92,-0.0074,0.019,-0.0013
22.94,-0.0407,0.0291,0.0491
22.96,0.0698,-0.0161,0.0122
22.98,0.0359,-0.0304,0.0435
23.0,0.0006,-0.0339,0.0046
23.02,0.0545,-0.0085,0.0299
23.04,-0.0088,-0.0589,0.0019
23.06,-0.0124,0.0025,0.0492
23.08,-0.021,-0.0572,0.0542
23.1,-0.0589,-0.0243,-0.0029
23.12,0.0196,-0.0114,0.0299
23.14,0.0045,-0.0487,0.0306
23.16,0.0082,0.0023,0.0587
23.18,-0.01,-0.0229,-0.0081
23.2,0.0314,-0.0388,0.0431
23.22,-0.0057,-0.0105,0.0701
23.24,0.028,-0.0606,-0.0283
23.26,-0.0421,-0.0308,-0.0053
23.28,0.0056,0.0373,0.0354
23.3,-0.0049,0.0223,0.0331
23.32,0.0051,-0.0216,0.0231
23.34,0.0538,-0.0086,0.0492
23.36,0.0247,-0.0193,0.0523
23.38,-0.0063,-0.0131,-0.022
23.4,0.0013,-0.0384,0.0272
23.42,-0.0117,0.03,0.0039
23.44,-0.0194,-0.0727,-0.028
23.46,0.0675,-0.0354,-0.0435
23.48,0.0708,-0.0609,0.002
23.5,0.0073,0.0466,-0.0063
23.52,0.0103,-0.0431,0.0249
23.54,0.0191,-0.0457,0.0153
23.56,-0.007,-0.0368,0.0096
23.58,-0.0104,-0.0139,0.0325
23.6,0.0336,-0.0396,0.0375
23.62,0.0216,-0.0055,-0.0004
23.64,-0.0044,-0.0235,-0.0022
23.66,0.0463,-0.007,-0.0013
23.68,0.0204,0.0122,0.0215
23.7,0.0412,-0.0072,0.0494
23.72,0.0215,-0.0535,0.041
23.74,0.0133,-0.0878,0.0131
23.76,0.0092,-0.0206,0.0215
23.78,-0.0493,0.0221,0.0395
23.8,0.0156,-0.0158,0.0142
23.82,0.0125,0.0047,0.0094
23.84,0.0195,-0.0127,-0.0093
23.86,0.058,-0.0057,-0.0022
23.88,-0.024,-0.0004,-0.0077
23.9,0.0198,0.0048,0.0399
23.92,-0.0047,-0.007,0.0422
23.94,-0.0123,0.0021,-0.0099
23.96,0.0115,0.0031,0.0095
23.98,0.0114,-0.0076,-0.0044
24.0,0.0297,-0.0171,0.0074
24.02,0.0691,0.0091,-0.0136
24.04,0.0087,-0.003,0.0064
24.06,0.0985,-0.0339,0.0605
24.08,0.0222,-0.0112,0.0323
24.1,0.0057,0.0221,0.0469
24.12,0.0161,-0.0412,-0.0043
24.14,0.0345,-0.0189,0.0205
24.16,-0.0372,-0.0511,0.0234
24.18,0.0264,-0.0291,0.021
24.2,-0.0052,0.0371,0.0297
24.22,-0.0167,-0.0102,0.0558
24.24,0.0526,-0.0021,-0.0381
24.26,0.0508,-0.0089,0.0607
24.28,0.0181,-0.0553,0.0062
24.3,-0.011,-0.1038,0.0036
24.32,0.0326,-0.0115,-0.0024
24.34,0.0006,-0.0771,-0.0142
24.36,0.0037,0.0157,-0.018
24.38,0.0094,-0.0279,-0.0063
24.4,0.0063,-0.0193,0.0248
24.42,0.0036,-0.0204,0.0581
24.44,0.0244,-0.0687,0.0468
24.46,0.0354,0.013,0.0177
24.48,0.0585,-0.0145,0.0007
24.5,-0.0234,0.0134,0.001
24.52,0.043,0.058,-0.0061
24.54,0.0317,-0.0775,0.0234
24.56,0.0062,-0.058,0.009
24.58,0.0076,-0.0173,-0.002
24.6,-0.0164,-0.0154,0.02
24.62,0.0079,-0.0345,0.0133
24.64,-0.0048,-0.0357,0.0288
24.66,0.0039,-0.0308,0.0238
24.68,0.0248,-0.0303,-0.0528
24.7,-0.01,-0.0675,0.0434
24.72,0.0937,-0.0018,0.0232
24.74,-0.0534,-0.0283,-0.0326
24.76,0.0449,-0.0014,0.0107
24.78,-0.0081,-0.0295,0.0347
24.8,0.03,-0.0563,0.0441
24.82,-0.015,-0.0393,-0.0038
24.84,0.0697,-0.0182,0.0295
24.86,0.0088,0.0137,-0.0155
24.88,0.0092,-0.0242,-0.0076
24.9,-0.0075,-0.0224,0.0226
24.92,0.0158,-0.0192,-0.0218
24.94,-0.0339,-0.0131,0.0407
24.96,0.0514,0.0413,0.0267
24.98,0.0433,-0.107,-0.0429
25.0,-0.041,-0.0325,0.0376
25.02,-0.0155,-0.0196,0.044
25.04,0.0362,-0.0056,0.0053
25.06,-0.0077,-0.0269,-0.0099
25.08,0.029,-0.0298,0.0192
25.1,0.0305,0.0071,0.0282
25.12,0.019,0.0067,0.0487
25.14,-0.0009,-0.0327,0.0218
25.16,0.0095,-0.0106,0.003
25.18,-0.0317,-0.0405,0.0058
25.2,0.0191,-0.0125,-0.0303
25.22,-0.0121,-0.0274,0.0028
25.24,0.0423,0.0529,0.0169
25.26,0.0054,0.0036,-0.0183
25.28,0.0066,-0.023,0.0237
25.3,-0.0119,0.0086,0.0711
25.32,0.0191,0.0465,0.0167
25.34,-0.0474,-0.0347,-0.0059
25.36,0.0153,-0.0372,0.0801
25.38,0.0171,-0.0314,0.0579
25.4,0.0587,-0.0098,0.0265
25.42,0.0483,-0.0444,0.0507
25.44,-0.0021,-0.077,-0.0005
25.46,-0.0075,-0.0076,0.0145
25.48,0.0177,-0.0238,0.0216
25.5,0.0318,-0.0089,0.0061
25.52,0.0368,-0.014,-0.0279
25.54,0.0023,-0.045,-0.0163
25.56,0.0344,-0.0261,-0.0342
25.58,0.0521,-0.0389,-0.0227
25.6,0.0077,-0.0149,0.0151
25.62,0.016,-0.0281,-0.0402
25.64,-0.0275,-0.0255,-0.0208
25.66,0.0089,-0.0116,-0.0281
25.68,0.0149,-0.0787,-0.0409
25.7,0.0301,-0.0273,0.06
25.72,-0.003,-0.0063,0.0098
25.74,-0.0218,-0.041,0.0624
25.76,0.012,-0.0129,0.0357
25.78,0.0733,-0.0846,-0.0129
25.8,-0.0318,-0.0412,0.0376
25.82,0.004,-0.062,0.0221
25.84,-0.0184,-0.0338,0.0176
25.86,0.0528,-0.0203,0.0488
25.88,0.0126,-0.0568,0.0493
25.9,0.0149,0.0038,0.0536
25.92,0.0116,-0.0695,0.01
25.94,0.0016,-0.0226,-0.0278
25.96,0.0043,-0.055,-0.002
25.98,0.0111,-0.0536,0.0278
26.0,-0.0064,0.0039,0.042
26.02,0.0112,-0.0102,0.0377
26.04,-0.0482,0.0225,-0.0004
26.06,0.0089,-0.0629,-0.0027
26.08,0.0578,0.0454,0.027
26.1,0.0074,-0.0707,0.0257
26.12,0.0183,-0.0659,-0.0016
26.14,0.0099,-0.0408,-0.0428
26.16,0.03,-0.0085,-0.0533
26.18,0.0071,0.0113,0.0157
26.2,-0.007,-0.022,-0.0069
26.22,-0.0452,0.0029,0.0337
26.24,0.021,0.0093,0.0029
26.26,0.0024,-0.0017,-0.0056
26.28,0.037,-0.0044,0.0264
26.3,0.0105,-0.0114,0.0072
26.32,0.0426,-0.0067,-0.016
26.34,0.0304,-0.0566,-0.0333
26.36,-0.0236,-0.021,0.05
26.38,-0.0288,-0.0761,0.043
26.4,0.0434,-0.0387,-0.0096
26.42,-0.0003,0.0113,0.0231
26.44,-0.02,-0.0712,0.0216
26.46,0.0158,-0.0198,0.0258
26.48,0.0427,-0.0296,0.0162
26.5,-0.0254,-0.0321,0.0051
26.52,0.0116,0.0098,0.0224
26.54,-0.002,-0.0234,0.0486
26.56,0.0297,-0.0488,0.0308
26.58,0.0441,0.0112,-0.014
26.6,0.0497,-0.0168,0.0353
26.62,0.0122,-0.0193,0.0418
26.64,-0.0754,-0.0084,-0.0076
26.66,0.0033,-0.058,0.0337
26.68,0.0149,-0.0801,0.024
26.7,0.0539,-0.0425,0.039
26.72,0.0007,-0.0579,0.0194
26.74,-0.0208,0.0067,-0.0253
26.76,-0.0554,-0.0073,0.0191
26.78,-0.0438,-0.0644,0.0033
26.8,0.0083,-0.0344,-0.0141
26.82,-0.0125,-0.0028,-0.0322
26.84,0.0397,0.0017,-0.0553
26.86,-0.0179,-0.0126,-0.0398
26.88,-0.003,0.0271,-0.0122
26.9,0.039,-0.0646,-0.034
26.92,0.0566,-0.0189,0.0112
26.94,0.0712,-0.0272,0.0339
26.96,-0.0164,-0.0119,-0.0246
26.98,0.0598,-0.0617,-0.0197
27.0,0.0222,-0.0857,0.0689
27.02,-0.0262,-0.0461,0.0215
27.04,0.0466,0.0147,0.0428
27.06,0.0053,-0.0206,0.0158
27.08,-0.0484,0.016,-0.0381
27.1,0.0286,-0.0444,0.0366
27.12,0.0289,-0.0053,0.0562
27.14,0.0113,-0.0173,0.0195
27.16,0.0368,0.0203,0.0346
27.18,0.0157,-0.0046,0.0113
27.2,-0.0429,-0.0655,0.0034
27.22,-0.0082,-0.0565,-0.01
27.24,-0.0145,-0.0172,-0.0175
27.26,0.0535,-0.0573,-0.019
27.28,0.0371,-0.0738,0.0315
27.3,-0.0117,-0.0352,0.0022
27.32,0.0202,-0.0246,0.016
27.34,0.0195,-0.024,0.0188
27.36,0.0244,-0.0325,-0.0178
27.38,0.0446,0.0198,0.0537
27.4,-0.0167,-0.0444,0.0166
27.42,-0.0025,0.0011,-0.0107
27.44,-0.0095,-0.0402,0.0236
27.46,0.02,-0.0063,0.0171
27.48,-0.0061,0.0352,0.0364
27.5,-0.0061,0.0155,0.0027
27.52,-0.0053,0.0151,-0.0024
27.54,-0.019,-0.0428,0.054
27.56,0.0347,0.0275,-0.0029
27.58,0.0036,-0.019,0.0155
27.6,0.0672,0.0228,0.0625
27.62,-0.0238,-0.0665,0.0238
27.64,-0.0523,-0.0397,-0.0172
27.66,0.0526,0.0064,0.0899
27.68,0.0269,0.0282,0.0682
27.7,-0.0452,-0.0017,0.0255
27.72,0.0541,-0.0608,-0.0133
27.74,-0.0554,-0.0437,0.0103
27.76,0.009,-0.0242,0.0084
27.78,0.0197,-0.0425,0.0469
27.8,-0.0073,-0.065,-0.0374
27.82,0.0169,-0.0249,0.0449
27.84,-0.0102,-0.0123,-0.0178
27.86,0.0363,-0.0525,-0.0292
27.88,0.0441,-0.0182,-0.0295
27.9,-0.0153,-0.0248,-0.0006
27.92,-0.0233,-0.0395,0.0389
27.94,-0.0027,-0.0179,0.0492
27.96,0.0041,-0.0813,0.0414
27.98,0.0585,-0.0155,0.0161
28.0,-0.0357,-0.0523,-0.0283
28.02,0.0247,-0.0341,0.0339
28.04,0.0441,0.0034,0.0127
28.06,-0.0155,-0.0189,0.0463
28.08,0.0302,0.0633,0.0045
28.1,-0.0101,-0.0285,0.0335
28.12,-0.0629,-0.0145,0.0272
28.14,0.0174,-0.026,0.0228
28.16,0.0256,0.006,-0.0454
28.18,0.0202,-0.064,-0.0224
28.2,0.0325,0.0172,0.0049
28.22,0.0618,-0.0201,0.0476
28.24,-0.0147,-0.0235,-0.0235
28.26,0.0337,-0.0378,0.0018
28.28,0.0165,-0.0016,-0.0359
28.3,-0.014,-0.0341,0.0231
28.32,0.0397,-0.0271,-0.0071
28.34,-0.0178,-0.0265,0.014
28.36,0.039,-0.0098,-0.023
28.38,-0.0133,0.0298,0.0275
28.4,-0.008,-0.0523,0.039
28.42,0.0141,-0.0384,0.0077
28.44,0.0557,-0.0283,0.0278
28.46,0.0302,-0.1007,0.0478
28.48,-0.0048,-0.0095,-0.0013
28.5,0.0123,0.0107,0.0393
28.52,0.0207,-0.0613,0.037
28.54,-0.0293,-0.0728,0.0051
28.56,-0.031,-0.0226,0.0982
28.58,0.0162,-0.0093,0.0437
28.6,0.0644,-0.0597,-0.0445
28.62,-0.0046,-0.0513,0.0079
28.64,0.0231,-0.0295,0.004
28.66,-0.0473,-0.0274,-0.0411
28.68,0.0231,-0.0138,0.0259
28.7,-0.071,-0.0516,0.0174
28.72,0.1193,-0.0191,-0.0069
28.74,0.0889,-0.0114,0.0011
28.76,0.0176,0.0277,0.0311
28.78,-0.0226,-0.037,0.0131
28.8,0.0203,-0.0097,0.0572
28.82,0.0287,-0.0206,0.0031
28.84,0.105,-0.0461,0.025
28.86,0.086,0.0351,0.0371
28.88,-0.0272,-0.0013,0.015
28.9,-0.052,-0.039,0.046
28.92,0.0489,0.0061,0.0305
28.94,0.0626,-0.0593,-0.0585
28.96,0.0358,0.0067,0.0398
28.98,0.0754,-0.0212,-0.0155
29.0,0.0156,-0.0061,0.0236
29.02,-0.0219,-0.0608,0.045
29.04,0.0394,-0.023,0.0565
29.06,0.0063,-0.0508,0.0103
29.08,-0.0273,-0.0463,0.0399
29.1,0.0496,-0.0074,0.028
29.12,0.027,-0.0524,-0.0197
29.14,0.0042,-0.0451,0.0181
29.16,-0.04,0.0154,-0.0533
29.18,-0.0083,-0.049,0.0119
29.2,0.0339,0.0204,-0.0204
29.22,0.04,-0.0545,-0.0407
29.24,-0.01,-0.0068,0.0267
29.26,-0.0131,-0.0036,0.0227
29.28,-0.0004,-0.0124,0.0403
29.3,-0.0215,0.028,0.0338
29.32,-0.0293,-0.0398,0.006
29.34,-0.0233,-0.1133,0.0343
29.36,0.031,-0.0212,-0.0113
29.38,0.0147,-0.0542,0.0315
29.4,0.0143,-0.0038,-0.0312
29.42,-0.0086,-0.0138,-0.0416
29.44,0.0057,-0.0504,-0.0028
29.46,0.0436,0.0403,0.0243
29.48,-0.0029,-0.0349,0.0585
29.5,-0.0305,-0.0121,0.0211
29.52,0.0399,-0.01,-0.0025
29.54,0.0347,-0.061,0.0082
29.56,0.0372,-0.0031,-0.0078
29.58,-0.0408,-0.0196,0.0457
29.6,0.034,-0.0917,0.0687
29.62,-0.0205,-0.0209,0.0555
29.64,0.0296,-0.0271,0.0123
29.66,0.0695,0.0069,0.0594
29.68,0.0316,-0.0132,0.0556
29.7,0.0276,0.0099,0.0473
29.72,-0.045,0.0256,0.0463
29.74,-0.0045,-0.0496,-0.0239
29.76,0.0188,-0.0163,0.0292
29.78,0.0376,-0.0217,0.021
29.8,-0.0095,0.0082,0.0691
29.82,0.05,-0.0287,-0.0142
29.84,0.0471,-0.0324,0.0304
29.86,-0.0277,-0.0323,0.0425
29.88,-0.0169,-0.0077,-0.0246
29.9,-0.0614,-0.0488,0.0591
29.92,0.0042,-0.0226,0.0156
29.94,0.0149,-0.0266,0.0106
29.96,-0.0122,-0.0289,0.0059
29.98,-0.0061,-0.0204,-0.0191
30.0,-0.0542,-0.0849,0.0523
30.02,0.0117,0.0668,0.0757
30.04,0.0544,-0.0827,-0.0183
30.06,0.0612,-0.0461,-0.0065
30.08,-0.0203,-0.0368,-0.0118
30.1,0.0661,-0.0647,0.0509
30.12,0.0074,-0.054,0.0408
30.14,0.0292,-0.0052,-0.0123
30.16,-0.0413,-0.0007,0.0062
30.18,0.0595,-0.0471,0.0379
30.2,0.0356,-0.0066,0.0374
30.22,0.0453,0.0016,0.0073
30.24,0.0092,-0.042,-0.0186
30.26,0.0175,0.0175,-0.0479
30.28,0.0536,-0.0547,0.0414
30.3,0.0291,0.0243,0.0265
30.32,0.051,-0.0501,-0.0593
30.34,-0.0163,0.0239,0.0743
30.36,-0.0191,-0.0311,-0.0023
30.38,0.0369,-0.005,0.012
30.4,-0.0121,-0.0619,0.0163
30.42,0.0622,-0.0193,0.0197
30.44,-0.0188,0.0046,0.0891
30.46,-0.026,-0.0426,-0.0045
30.48,-0.0185,-0.0473,0.0289
30.5,0.0152,-0.0022,0.0134
30.52,0.0025,-0.0377,0.0244
30.54,0.0226,-0.0075,0.0289
30.56,0.0003,-0.038,-0.0003
30.58,0.054,-0.0061,0.0215
30.6,0.0217,0.0085,-0.0269
30.62,-0.0227,-0.0294,-0.0039
30.64,0.0213,-0.0159,0.0427
30.66,0.0252,-0.0039,0.0179
30.68,0.0091,-0.065,0.0322
30.7,0.024,0.0152,0.0591
30.72,0.0071,-0.0071,-0.0311
30.74,-0.0115,-0.0292,-0.003
30.76,0.0366,-0.061,0.0285
30.78,-0.015,0.0099,0.0079
30.8,0.0384,-0.0523,-0.0135
30.82,-0.054,-0.0303,0.0518
30.84,0.0177,-0.1029,0.0319
30.86,0.0097,-0.0253,0.0157
30.88,0.0416,-0.0853,-0.0405
30.9,-0.0046,-0.0062,0.0178
30.92,-0.0001,0.0448,-0.0091
30.94,0.0009,0.0279,0.0066
30.96,0.0383,-0.0317,0.0149
30.98,-0.0087,-0.046,0.0623
31.0,0.0053,0.0137,0.0437
31.02,0.0213,-0.013,0.0153
31.04,0.0085,0.0133,-0.0033
31.06,-0.0129,0.0418,0.0352
31.08,0.0514,-0.0113,0.022
31.1,0.0159,-0.0041,0.0394
31.12,-0.0427,-0.0289,0.0423
31.14,0.0395,-0.0484,0.0597
31.16,0.0462,-0.0187,0.0207
31.18,-0.0412,-0.0114,0.045
31.2,-0.0586,0.0072,-0.0079
31.22,0.0653,-0.0178,0.0709
31.24,-0.0015,-0.0127,0.0621
31.26,-0.0287,-0.046,0.0391
31.28,0.0625,-0.0094,0.0471
31.3,0.0306,-0.042,0.0462
31.32,0.0122,-0.0233,0.0297
31.34,0.0555,-0.017,0.0302
31.36,0.0133,-0.0004,0.0163
31.38,0.0831,-0.0294,0.041
31.4,0.0749,-0.0189,0.0035
31.42,0.0446,-0.0593,0.0171
31.44,-0.0554,-0.0541,0.0451
31.46,-0.0307,0.0186,0.0285
31.48,0.0344,-0.019,0.0109
31.5,0.0629,-0.0528,0.0474
31.52,0.0151,-0.0299,0.0058
31.54,-0.0546,0.0735,-0.0327
31.56,0.0278,0.0084,0.0172
31.58,-0.0407,-0.0136,-0.0093
31.6,-0.0145,-0.0142,-0.0131
31.62,-0.0235,0.0057,0.0129
31.64,0.0297,-0.0391,0.0041
31.66,0.006,-0.0017,-0.038
31.68,-0.042,0.0206,-0.025
31.7,-0.031,-0.0112,0.0429
31.72,-0.0303,-0.079,-0.0486
31.74,-0.0149,-0.054,0.0171
31.76,-0.0028,-0.0393,0.0178
31.78,0.0432,-0.0249,0.0036
31.8,0.0293,-0.0326,0.0289
31.82,0.0025,-0.0162,0.0507
31.84,0.0465,-0.0551,0.0265
31.86,0.0232,0.02,0.0671
31.88,0.0204,0.027,0.0452
31.9,0.0358,-0.0413,-0.0019
31.92,0.0342,-0.0287,-0.0037
31.94,0.0346,0.0198,0.0333
31.96,0.0182,-0.0079,-0.0257
31.98,-0.0214,0.0187,0.0319
32.0,0.112,-0.0006,-0.0203
32.02,-0.0153,-0.0404,0.0093
32.04,-0.0114,0.0059,-0.0176
32.06,-0.0161,-0.0198,0.0123
32.08,0.003,0.0953,0.0084
32.1,-0.052,0.0809,-0.0542
32.12,-0.006,0.0007,0.0494
32.14,-0.0266,0.0097,0.0766
32.16,-0.0308,-0.0294,-0.0215
32.18,0.0435,0.0076,-0.051
32.2,0.0027,-0.061,-0.0069
32.22,0.0291,-0.0406,0.0077
32.24,0.0224,-0.0589,0.0353
32.26,0.0448,0.0169,0.0134
32.28,-0.0156,0.0173,0.0078
32.3,0.0722,-0.003,0.0261
32.32,0.0329,0.0247,-0.0076
32.34,0.0345,-0.0303,0.0546
32.36,-0.0365,0.0139,0.0261
32.38,0.0633,-0.0316,0.0639
32.4,0.0366,0.0292,0.0524
32.42,0.024,-0.0222,-0.0354
32.44,0.0279,-0.016,0.0214
32.46,0.037,-0.0279,-0.0139
32.48,-0.0378,-0.046,0.0618
32.5,0.0264,-0.0027,0.0377
32.52,-0.0139,-0.0038,-0.0093
32.54,0.0152,-0.0488,-0.0045
32.56,0.0026,-0.0663,0.0042
32.58,0.0326,-0.0131,0.0059
32.6,-0.0129,-0.0307,0.002
32.62,0.0106,-0.0378,-0.0024
32.64,0.0274,0.0307,0.0288
32.66,-0.0364,-0.0102,0.048
32.68,-0.0173,0.0347,0.0161
32.7,-0.0413,-0.0182,0.028
32.72,0.0489,-0.0189,0.0076
32.74,0.0078,-0.0445,0.0101
32.76,-0.0196,-0.0402,0.0078
32.78,0.0412,0.0312,0.0351
32.8,-0.0105,-0.0092,0.039
32.82,0.0359,0.0345,0.0255
32.84,0.0226,-0.0334,0.0184
32.86,-0.013,-0.0281,0.0302
32.88,0.0395,-0.0135,0.0657
32.9,0.0478,-0.0066,0.0205
32.92,-0.0078,0.0176,0.0394
32.94,0.0288,-0.0604,0.0732
32.96,0.0485,-0.0389,0.0108
32.98,0.005,-0.035,-0.0258
33.0,0.0441,0.0213,0.0128
33.02,0.0568,-0.0169,-0.0254
33.04,-0.0022,-0.0203,0.0084
33.06,-0.0014,-0.0028,0.0222
33.08,0.0378,-0.0319,-0.0392
33.1,0.0262,0.0214,0.0236
33.12,0.0324,-0.0712,0.0157
33.14,-0.0131,-0.0381,0.0589
33.16,-0.0162,-0.0483,0.0196
33.18,-0.0533,0.0065,0.0173
33.2,0.0325,-0.0093,-0.0701
33.22,-0.0131,-0.0358,0.0351
33.24,0.038,-0.0306,0.0308
33.26,0.0232,-0.029,0.0485
33.28,0.0412,-0.0361,-0.0147
33.3,-0.0374,0.0213,0.0281
33.32,0.0028,-0.0374,0.0135
33.34,0.0161,-0.0349,-0.0523
33.36,0.0442,0.0109,-0.0054
33.38,0.0129,0.0238,-0.0041
33.4,-0.0246,-0.0223,-0.0337
33.42,0.0451,-0.0579,-0.0141
33.44,0.034,0.0096,0.0679
33.46,0.0366,-0.0182,0.0086
33.48,-0.0016,-0.0138,-0.0031
33.5,-0.0141,-0.0436,0.0423
33.52,0.0013,-0.002,-0.0403
33.54,0.0105,-0.0588,0.0836
33.56,0.0222,-0.0182,-0.0023
33.58,0.0246,0.0136,-0.0258
33.6,0.0025,-0.033,0.0536
33.62,0.0399,-0.0119,0.0234
33.64,-0.0359,-0.0308,0.018
33.66,0.005,-0.0763,0.0018
33.68,0.0683,-0.0379,0.0249
33.7,0.0361,-0.0194,0.037
33.72,0.0191,-0.0521,0.0436
33.74,0.0592,-0.0231,0.0086
33.76,0.0327,0.0157,-0.0114
33.78,-0.0025,-0.0271,0.0181
33.8,0.0258,0.0237,0.0102
33.82,0.0107,-0.0274,-0.0133
33.84,0.0167,-0.0507,0.0352
33.86,-0.0191,-0.0327,0.0091
33.88,0.0279,0.0271,0.042
33.9,0.0005,-0.0366,0.0159
33.92,0.0003,-0.0517,0.0428
33.94,0.0539,-0.003,0.0742
33.96,-0.0081,-0.0414,-0.0141
33.98,-0.0288,-0.0343,-0.0164
34.0,-0.0251,-0.0313,0.0453
34.02,-0.0332,-0.0356,0.0242
34.04,-0.0335,0.0046,-0.0281
34.06,0.0279,-0.029,0.0294
34.08,-0.0343,-0.0108,-0.0044
34.1,-0.0738,-0.0651,0.0332
34.12,0.0464,-0.006,0.019
34.14,-0.005,0.0048,0.0223
34.16,0.0433,-0.0212,0.1179
34.18,0.0143,0.0291,0.0171
34.2,-0.0202,0.0118,0.0258
34.22,0.0123,0.0026,-0.0027
34.24,-0.0327,-0.0388,0.082
34.26,0.0363,-0.0424,-0.018
34.28,0.0489,0.0068,-0.0214
34.3,0.004,-0.0292,0.0626
34.32,-0.028,-0.0396,-0.0099
34.34,-0.0657,-0.0036,-0.0445
34.36,0.0459,0.0122,0.0562
34.38,0.0457,-0.0297,0.0459
34.4,-0.0064,0.0115,0.0162
34.42,0.0631,0.0187,0.0455
34.44,-0.0128,-0.0245,-0.0967
34.46,0.01,-0.0184,0.0249
34.48,-0.0452,-0.0228,-0.0427
34.5,-0.0094,-0.0503,0.0067
34.52,0.0536,-0.022,0.0713
34.54,0.0774,-0.0143,-0.0238
34.56,0.0769,0.0184,-0.0181
34.58,-0.0106,-0.0638,0.0121
34.6,-0.0428,-0.0122,-0.006
34.62,-0.0063,-0.0493,0.0123
34.64,-0.0402,0.0152,0.0003
34.66,0.0134,0.0458,0.0065
34.68,0.0305,-0.011,0.0499
34.7,-0.0163,0.0514,0.0027
34.72,0.0108,-0.0443,-0.0235
34.74,-0.0625,-0.055,0.0542
34.76,0.0478,-0.0383,0.0239
34.78,0.0796,-0.0249,0.0188
34.8,-0.0137,-0.0273,0.0215
34.82,0.033,-0.0235,0.0255
34.84,-0.0325,-0.0201,0.0025
34.86,0.0107,-0.0038,0.0076
34.88,-0.0183,0.019,0.024
34.9,0.0287,-0.0158,0.0413
34.92,0.0131,0.0257,0.0432
34.94,-0.0295,-0.0707,0.0183
34.96,-0.0658,0.0274,0.0157
34.98,0.0346,-0.054,-0.0477
35.0,0.048,-0.0178,0.0135
35.02,0.0404,-0.0524,0.026
35.04,-0.0182,-0.0404,0.0269
35.06,0.0038,-0.0474,-0.035
35.08,0.0366,-0.0684,0.0033
35.1,-0.0256,0.002,0.0267
35.12,0.0219,0.0194,0.1065
35.14,0.0144,-0.055,0.0512
35.16,0.001,-0.0019,0.0395
35.18,-0.0111,0.0185,0.0421
35.2,-0.0194,-0.0922,-0.0432
35.22,0.0231,-0.0049,-0.0335
35.24,0.0302,-0.0315,0.0081
35.26,0.0054,-0.0447,0.0624
35.28,0.0168,-0.0441,0.035
35.3,0.0388,-0.0395,0.0125
35.32,-0.009,-0.0346,0.0097
35.34,0.0367,-0.0802,-0.0079
35.36,0.0298,0.0206,0.0422
35.38,-0.0083,0.0047,-0.0088
35.4,0.0254,-0.0239,0.0313
35.42,0.0475,-0.0494,0.0423
35.44,-0.0122,0.0038,-0.0427
35.46,0.008,0.0085,0.0149
35.48,-0.0136,-0.0272,-0.0366
35.5,-0.0046,-0.0111,-0.0135
35.52,0.0666,0.0049,-0.0327
35.54,0.0127,0.0104,0.0289
35.56,0.0148,-0.037,0.005
35.58,-0.0037,-0.0676,0.0204
35.6,0.0035,-0.0522,0.0354
35.62,0.0142,0.0395,0.0727
35.64,0.0069,-0.0354,0.0185
35.66,0.015,-0.0167,0.0029
35.68,-0.0334,-0.0282,0.064
35.7,-0.025,0.0057,0.0038
35.72,0.0022,-0.0125,0.0216
35.74,0.0474,0.0187,0.0223
35.76,0.0471,-0.0348,0.015
35.78,0.0422,-0.0013,0.0325
35.8,0.0169,-0.0674,0.0281
35.82,-0.009,-0.0349,0.0326
35.84,0.0068,-0.0729,0.0278
35.86,0.0969,-0.0418,-0.0157
35.88,0.0229,-0.033,-0.0068
35.9,0.0481,-0.029,0.0167
35.92,0.039,0.0229,-0.0357
35.94,0.0261,0.0017,0.02
35.96,-0.0217,-0.0282,0.0346
35.98,-0.0392,-0.0023,0.0456
36.0,0.0497,-0.0238,0.0155
36.02,0.0605,-0.0192,0.0334
36.04,-0.0415,0.0212,-0.018
36.06,-0.0134,-0.0152,0.0112
36.08,-0.0099,-0.0233,0.0055
36.1,0.0074,-0.0014,0.0103
36.12,0.03,-0.035,0.0222
36.14,0.0147,-0.0391,0.0056
36.16,-0.0057,-0.0074,0.0673
36.18,-0.005,-0.0486,-0.0034
36.2,0.0158,-0.0097,-0.0343
36.22,0.004,0.0124,0.0462
36.24,-0.0399,-0.0526,0.0877
36.26,-0.0257,-0.0249,0.0321
36.28,0.021,-0.0668,0.0265
36.3,0.0541,-0.0603,0.0355
36.32,-0.031,-0.0053,0.0319
36.34,0.0006,-0.028,0.0369
36.36,0.0669,0.021,0.1084
36.38,0.0303,-0.0576,-0.0251
36.4,-0.0023,-0.0758,-0.0005
36.42,0.0153,-0.0324,0.0173
36.44,0.0488,-0.0429,-0.0168
36.46,-0.0641,-0.0252,0.0017
36.48,0.0065,-0.0319,-0.0003
36.5,-0.0303,0.0341,-0.0059
36.52,0.0147,0.0038,-0.0135
36.54,0.0236,-0.0456,0.0203
36.56,-0.0098,-0.0057,-0.0125
36.58,0.0647,-0.0223,0.0112
36.6,0.0048,-0.0119,0.0149
36.62,-0.0023,-0.0019,0.0362
36.64,0.0465,-0.0138,0.0025
36.66,-0.0136,-0.0363,0.0114
36.68,0.0139,0.0032,0.0563
36.7,0.0451,-0.0099,0.0109
36.72,-0.024,-0.0413,-0.0125
36.74,0.0264,-0.0324,0.0181
36.76,0.0271,0.0107,0.0123
36.78,0.0415,0.0092,0.0299
36.8,-0.0303,-0.0176,0.0076
36.82,0.0601,0.0027,0.0636
36.84,0.0169,-0.0368,0.1317
36.86,-0.0249,0.0221,0.018
36.88,0.0085,0.0054,-0.0035
36.9,-0.0097,-0.0246,-0.0556
36.92,0.0765,-0.0512,0.0227
36.94,-0.0027,-0.0589,0.014
36.96,0.0075,-0.0195,0.0125
36.98,0.0336,0.0627,0.0055
37.0,0.0593,-0.012,0.0061
37.02,0.0304,-0.0255,0.0055
37.04,0.0304,-0.0165,0.0153
37.06,-0.0094,0.0191,0.0369
37.08,0.023,0.026,-0.0471
37.1,0.0126,-0.0551,-0.0434
37.12,0.019,-0.0069,-0.0056
37.14,0.0142,-0.0493,-0.0021
37.16,0.0022,0.0219,-0.0237
37.18,0.0427,-0.0138,0.0321
37.2,-0.0328,-0.0375,0.0235
37.22,0.0667,-0.0382,-0.01
37.24,0.0083,-0.0026,0.0072
37.26,0.0052,-0.0318,0.0444
37.28,-0.0127,-0.0083,0.0531
37.3,-0.001,0.016,0.0125
37.32,0.0558,-0.026,-0.0513
37.34,-0.0487,-0.0034,-0.0374
37.36,0.0329,-0.019,0.0386
37.38,-0.0206,0.0022,0.0102
37.4,0.0154,-0.02,0.0435
37.42,-0.0034,-0.0484,0.0481
37.44,0.0325,0.0086,0.0065
37.46,0.038,-0.0189,-0.0074
37.48,-0.0193,-0.0377,0.0442
37.5,-0.0425,-0.0312,0.083
37.52,-0.0022,-0.0717,-0.0502
37.54,0.0102,-0.0764,0.0091
37.56,0.0248,-0.0222,0.0149
37.58,-0.0076,-0.0205,0.0148
37.6,-0.0362,0.0089,0.021
37.62,-0.0076,0.0261,0.0321
37.64,0.0162,-0.0191,0.0469
37.66,0.0397,-0.0131,0.0352
37.68,0.0338,-0.0701,0.0145
37.7,-0.0311,-0.0358,-0.0045
37.72,-0.0212,0.0376,0.0578
37.74,0.0398,-0.0064,0.0139
37.76,-0.0079,-0.0729,0.0121
37.78,0.0248,-0.034,0.047
37.8,0.019,-0.0269,0.0127
37.82,0.0753,-0.017,0.0043
37.84,0.0203,-0.0053,0.039
37.86,-0.0232,-0.0553,0.02
37.88,0.003,-0.052,-0.0059
37.9,0.0157,-0.0557,-0.0098
37.92,-0.0131,-0.0357,-0.0264
37.94,0.0199,-0.0087,-0.0571
37.96,0.0502,-0.0342,0.0114
37.98,0.0122,-0.0195,0.0166
38.0,-0.0072,-0.0077,0.0255
38.02,0.0035,-0.058,0.0019
38.04,-0.0047,-0.0558,0.0397
38.06,-0.0073,0.01,-0.0345
38.08,0.0112,0.0051,-0.0203
38.1,-0.0506,0.037,-0.0144
38.12,0.0536,-0.0674,-0.0255
38.14,-0.0275,-0.0446,0.0189
38.16,0.0032,-0.0007,0.0016
38.18,0.0394,0.027,-0.005
38.2,-0.0207,0.0174,0.0231
38.22,0.0082,-0.0747,-0.0321
38.24,0.0434,-0.0683,0.0292
38.26,0.0505,-0.0508,0.0139
38.28,-0.0048,0.0039,-0.0106
38.3,0.0125,0.0073,0.01
38.32,0.0228,-0.0012,0.0278
38.34,-0.0152,-0.0286,-0.004
38.36,0.0038,-0.0417,0.0474
38.38,-0.0035,0.0485,0.0216
38.4,-0.038,0.0173,-0.0255
38.42,-0.0371,-0.0153,0.0234
38.44,-0.0051,-0.0604,0.0444
38.46,0.1,0.0208,0.0263
38.48,-0.006,-0.0148,0.0154
38.5,0.0306,-0.0055,0.0039
38.52,-0.0118,-0.0426,-0.0019
38.54,0.0329,-0.0025,-0.0033
38.56,0.0086,0.0067,0.0133
38.58,0.0311,0.0125,0.0562
38.6,0.0279,-0.001,0.0594
38.62,0.0331,-0.0351,0.0178
38.64,0.0087,-0.0031,0.0137
38.66,0.0204,0.0051,0.0202
38.68,0.0312,-0.0349,0.0259
38.7,0.0294,-0.0241,0.0111
38.72,-0.0313,0.0053,0.0842
38.74,0.0529,-0.0721,0.045
38.76,0.0223,-0.0478,0.0374
38.78,-0.0205,-0.0801,-0.0164
38.8,-0.0161,-0.0389,0.0448
38.82,0.037,-0.0249,-0.0347
38.84,0.043,0.0228,-0.0547
38.86,-0.0404,-0.06,0.0453
38.88,0.0737,-0.0658,0.0576
38.9,-0.0494,-0.025,0.0251
38.92,0.0496,0.0095,-0.0471
38.94,-0.0429,0.0012,0.0462
38.96,0.0393,0.0309,-0.0272
38.98,-0.0013,-0.0235,-0.0368
39.0,-0.0138,-0.0584,-0.0033
39.02,-0.0514,-0.022,-0.0045
39.04,-0.0024,-0.0087,0.0076
39.06,0.0256,-0.0364,-0.0247
39.08,0.0013,-0.0276,-0.0033
39.1,-0.0136,-0.0407,0.0364
39.12,-0.0119,-0.0572,0.0011
39.14,0.0478,-0.0319,0.024
39.16,-0.0091,0.0131,-0.0617
39.18,0.0438,-0.0542,0.0039
39.2,-0.0064,-0.0348,0.0517
39.22,0.0398,-0.0203,-0.0061
39.24,0.0151,0.0303,-0.0365
39.26,0.0045,0.0271,-0.005
39.28,0.0323,0.0101,-0.0003
39.3,0.0096,0.0207,0.0265
39.32,-0.0239,-0.0302,-0.0115
39.34,0.0344,-0.0008,-0.0257
39.36,0.0073,-0.0176,0.0499
39.38,-0.0015,0.0017,-0.0241
39.4,0.0517,-0.0103,-0.0415
39.42,0.0043,0.0059,-0.0481
39.44,0.0413,-0.0004,0.0044
39.46,-0.0213,-0.0309,0.0526
39.48,-0.0174,-0.026,0.0081
39.5,-0.025,-0.0084,0.0121
39.52,-0.0005,0.0028,0.0288
39.54,0.004,-0.0367,0.0345
39.56,0.0521,-0.0335,0.0687
39.58,-0.032,0.0315,0.0193
39.6,0.0409,0.0041,0.0175
39.62,0.0599,-0.0183,0.0206
39.64,0.003,-0.0325,0.027
39.66,0.0364,-0.0641,0.0135
39.68,0.0041,-0.0057,0.0395
39.7,-0.006,0.0222,0.0192
39.72,0.0176,-0.0403,-0.0345
39.74,0.0075,0.0062,0.055
39.76,-0.0413,0.0069,0.0084
39.78,-0.0239,-0.0527,-0.02
39.8,0.0198,0.0344,0.0064
39.82,-0.0058,-0.0117,0.0678
39.84,0.0079,-0.0345,0.0417
39.86,0.0072,-0.0001,0.0057
39.88,-0.0456,-0.0609,0.0599
39.9,-0.0156,-0.0129,0.0233
39.92,0.0093,-0.0347,0.0376
39.94,0.0485,0.006,0.0045
39.96,-0.0312,-0.0208,-0.0045
39.98,0.0282,-0.0064,0.012
40.0,0.0042,-0.0766,-0.0185
40.02,0.0493,-0.0119,0.0729
40.04,0.0518,-0.0244,0.05
40.06,0.0026,0.0029,0.0346
40.08,0.0577,-0.0038,0.0376
40.1,-0.0025,-0.0196,-0.0058
40.12,0.0018,-0.0492,0.0222
40.14,0.0487,-0.0268,-0.0457
40.16,0.006,0.0115,-0.0042
40.18,0.0332,0.0435,0.0155
40.2,-0.0232,-0.0129,0.0439
40.22,0.0194,-0.035,0.0317
40.24,0.0143,-0.0419,-0.0218
40.26,-0.0413,-0.012,0.0096
40.28,0.0382,0.0141,-0.0187
40.3,-0.0072,0.0141,-0.0108
40.32,-0.0192,0.0062,0.0379
40.34,0.0219,-0.0231,-0.0312
40.36,0.03,0.031,0.0404
40.38,-0.0402,-0.0296,0.0271
40.4,-0.025,-0.0125,0.0057
40.42,0.0203,-0.0017,-0.0346
40.44,0.0413,0.0019,0.0014
40.46,0.0438,-0.0403,0.0237
40.48,0.0306,-0.0612,0.0306
40.5,-0.0097,-0.0245,0.0116
40.52,0.0501,0.0066,0.0096
40.54,0.0027,-0.0375,0.0665
40.56,-0.0304,-0.0214,0.0299
40.58,-0.0122,0.022,-0.0444
40.6,0.0129,-0.0538,0.0401
40.62,0.0069,0.0099,0.0163
40.64,0.0043,-0.0183,0.0689
40.66,0.0046,-0.0259,0.0091
40.68,-0.0041,-0.0666,0.021
40.7,0.0554,-0.0171,0.0029
40.72,-0.0166,0.0043,0.0238
40.74,0.0352,-0.0686,0.0268
40.76,0.0005,-0.0603,0.0796
40.78,0.0507,-0.0355,0.0262
40.8,0.0222,-0.0515,0.0265
40.82,0.0063,0.0024,-0.068
40.84,0.003,-0.0465,0.0322
40.86,0.0364,0.0004,0.0468
40.88,0.026,-0.0652,0.0133
40.9,-0.0236,-0.0437,0.0513
40.92,0.0614,-0.0108,-0.0158
40.94,0.0784,0.0141,0.0036
40.96,-0.0486,0.0028,0.008
40.98,-0.001,-0.012,0.0396
41.0,-0.0258,-0.0299,-0.0202
41.02,-0.0234,-0.0123,0.0274
41.04,0.0376,0.0206,0.0482
41.06,0.0615,0.0403,0.0251
41.08,-0.0359,-0.0303,0.0152
41.1,0.0058,-0.0488,0.0393
41.12,-0.0058,-0.0148,-0.0131
41.14,0.0333,-0.0931,0.0215
41.16,0.0311,-0.0153,0.0256
41.18,-0.0266,-0.0074,0.0152
41.2,-0.0082,-0.0297,0.0264
41.22,0.0478,0.0094,0.0446
41.24,0.0418,-0.059,-0.0262
41.26,-0.0618,-0.0496,0.0005
41.28,-0.0066,-0.0094,0.0064
41.3,-0.0224,-0.0404,0.0586
41.32,-0.0032,-0.0369,0.027
41.34,-0.0289,-0.0602,0.0163
41.36,-0.0213,0.0104,0.0508
41.38,0.0324,0.1048,-0.0039
41.4,0.0551,-0.0346,-0.0092
41.42,0.0251,-0.0183,-0.0023
41.44,0.012,-0.0083,0.0265
41.46,-0.0057,-0.0229,-0.0124
41.48,0.0173,-0.0307,0.0594
41.5,0.0514,-0.0041,0.0267
41.52,-0.05,-0.0297,-0.0067
41.54,0.0081,-0.0285,0.0018
41.56,0.0354,-0.0481,0.0184
41.58,-0.0114,-0.024,-0.0381
41.6,-0.0018,-0.0415,0.0659
41.62,0.0159,0.019,-0.0236
41.64,-0.0215,-0.0549,-0.0208
41.66,0.0026,0.0218,0.0264
41.68,-0.0316,-0.0128,-0.0339
41.7,-0.0189,-0.0341,0.0341
41.72,0.076,-0.0511,0.0024
41.74,0.0139,-0.0264,0.0122
41.76,0.0492,0.02,0.041
41.78,0.0497,-0.0714,0.0685
41.8,0.009,-0.0545,0.0349
41.82,-0.0103,-0.0201,0.0346
41.84,0.0327,-0.0196,0.0218
41.86,0.0312,-0.0023,0.0372
41.88,0.013,-0.0251,0.0339
41.9,-0.0087,-0.0149,0.0739
41.92,-0.0022,-0.03,0.0302
41.94,-0.0209,-0.0333,0.0263
41.96,0.0394,0.0364,0.06
41.98,0.0008,-0.0303,0.0423
42.0,-0.0051,-0.0323,0.0454
42.02,-0.0164,-0.0608,-0.0185
42.04,0.0283,-0.0302,0.0463
42.06,0.0281,0.0293,-0.0084
42.08,0.0421,-0.003,-0.0055
42.1,0.1072,-0.027,0.0638
42.12,-0.0189,0.0169,0.0261
42.14,0.0017,-0.0034,0.0127
42.16,0.048,-0.0874,-0.0006
42.18,0.0152,-0.0097,0.0156
42.2,0.0854,-0.0335,0.0274
42.22,0.0062,-0.0381,0.0295
42.24,-0.0065,0.0319,-0.0044
42.26,-0.0035,-0.0203,0.0475
42.28,-0.0016,-0.0734,0.0528
42.3,-0.0248,-0.0412,0.0132
42.32,0.029,-0.0367,0.0011
42.34,0.006,0.0188,0.0305
42.36,-0.0103,-0.0079,0.0198
42.38,-0.0059,0.0137,0.0269
42.4,-0.0342,-0.0437,0.0456
42.42,0.0003,-0.0066,0.0278
42.44,0.0415,-0.0603,-0.0126
42.46,-0.006,-0.0512,-0.0367
42.48,0.0158,-0.0264,0.004
42.5,0.0224,-0.0096,0.0094
42.52,-0.0313,0.0413,0.0261
42.54,-0.0083,-0.0085,0.0368
42.56,0.01,0.0405,-0.0195
42.58,0.01,-0.0468,-0.0478
42.6,0.0081,-0.0126,0.014
42.62,0.0485,-0.0146,0.0636
42.64,-0.0172,-0.0104,-0.0827
42.66,0.0269,0.0403,0.0471
42.68,-0.0083,-0.0407,-0.0126
42.7,0.0079,0.0204,0.0604
42.72,-0.0069,-0.0012,0.0259
42.74,-0.0178,-0.0115,-0.0009
42.76,-0.0024,0.0265,-0.0179
42.78,-0.005,-0.0633,0.0225
42.8,-0.011,-0.0625,-0.0113
42.82,0.0684,-0.0549,0.0025
42.84,0.0431,0.0101,0.051
42.86,-0.0149,-0.003,-0.0291
42.88,0.0197,-0.0284,0.0329
42.9,0.0351,0.0223,0.0419
42.92,0.0418,0.0054,0.0178
42.94,0.0296,-0.0238,0.029
42.96,-0.0609,-0.0518,-0.0038
42.98,0.0553,-0.0018,0.0436
43.0,-0.0027,-0.0246,-0.0815
43.02,0.0004,-0.0154,-0.0006
43.04,-0.0399,-0.0107,0.01
43.06,0.0034,-0.0644,-0.0566
43.08,0.0431,-0.013,0.0149
43.1,0.0335,-0.0233,-0.0229
43.12,0.052,-0.0065,-0.0538
43.14,0.0243,-0.0083,-0.0265
43.16,0.0154,-0.0279,0.0022
43.18,0.0492,0.0027,-0.0057
43.2,0.0068,0.0032,-0.0273
43.22,-0.03,-0.0388,0.0083
43.24,0.0072,0.0122,0.0705
43.26,0.038,0.0183,0.0113
43.28,0.076,-0.0668,0.0197
43.3,0.026,0.0192,-0.0102
43.32,0.0201,-0.0078,-0.0306
43.34,-0.0568,-0.0864,0.0047
43.36,-0.0042,-0.0458,0.0337
43.38,-0.0081,-0.0676,-0.0499
43.4,-0.0193,-0.0136,0.0014
43.42,-0.0047,-0.0093,0.0489
43.44,0.0223,-0.0292,0.0467
43.46,0.0601,-0.0169,0.0349
43.48,0.069,0.0127,0.0651
43.5,0.02,0.0147,0.0451
43.52,0.0622,0.027,0.0468
43.54,-0.025,-0.0103,0.0026
43.56,0.0383,0.0004,-0.0734
43.58,-0.0182,0.0648,0.0042
43.6,0.0533,-0.034,-0.0019
43.62,0.0249,0.0103,-0.0328
43.64,0.0104,0.0277,0.0284
43.66,-0.0233,0.0101,0.0678
43.68,-0.0169,-0.048,0.048
43.7,0.0389,-0.0479,0.0179
43.72,-0.0168,-0.0491,0.0393
43.74,-0.0035,-0.0097,0.0167
43.76,0.0234,-0.0168,0.0489
43.78,0.0221,-0.015,0.064
43.8,-0.0008,-0.0317,-0.041
43.82,-0.0578,-0.0191,0.0217
43.84,-0.0162,-0.0303,0.0344
43.86,0.0266,0.0039,0.0333
43.88,0.0059,-0.0152,0.0568
43.9,0.0405,-0.0504,0.0054
43.92,0.0706,-0.0338,0.0205
43.94,0.0188,-0.0317,0.0552
43.96,-0.0027,-0.0254,-0.002
43.98,0.0155,-0.0585,0.0396
44.0,-0.0296,0.0076,-0.0018
44.02,-0.0154,-0.0129,0.0106
44.04,0.0329,-0.0158,-0.0164
44.06,0.0183,-0.0244,-0.0526
44.08,-0.0424,-0.035,0.0537
44.1,0.0445,0.0454,0.0664
44.12,-0.0188,-0.0141,-0.0191
44.14,0.0125,0.0038,0.0018
44.16,0.0238,-0.0272,0.0235
44.18,-0.0408,-0.0377,0.0283
44.2,0.0276,0.0072,0.0583
44.22,0.0007,0.0377,0.0294
44.24,0.0322,-0.0243,-0.0136
44.26,0.031,-0.0319,-0.0366
44.28,0.0167,-0.0902,-0.0306
44.3,0.0294,-0.0053,0.0068
44.32,0.0082,-0.0249,0.0162
44.34,-0.0089,-0.0319,-0.0291
44.36,0.0066,-0.0669,-0.0275
44.38,-0.0056,0.0011,0.0076
44.4,-0.0416,-0.0247,-0.022
44.42,-0.0076,-0.0512,0.0119
44.44,0.0098,-0.0423,0.0289
44.46,0.0174,-0.0224,0.0223
44.48,0.0113,-0.0648,0.0126
44.5,-0.012,-0.0404,0.0116
44.52,0.0188,0.0068,0.0218
44.54,0.0035,0.0258,0.06
44.56,-0.0084,-0.0212,0.025
44.58,-0.0057,-0.0104,-0.0308
44.6,0.0134,0.0103,-0.0063
44.62,-0.0012,-0.0128,0.0238
44.64,-0.0134,-0.0248,-0.005
44.66,0.0429,-0.0157,-0.0165
44.68,0.0286,-0.0539,0.0275
44.7,0.0284,-0.0432,-0.0304
44.72,0.0422,-0.0657,-0.028
44.74,-0.0368,-0.0666,0.0319
44.76,0.0118,0.0071,-0.0047
44.78,0.0168,-0.0478,0.0137
44.8,0.0024,-0.0619,0.054
44.82,0.0171,-0.0176,0.0305
44.84,0.0497,-0.0479,-0.0203
44.86,-0.01,-0.0045,-0.0563
44.88,-0.0245,-0.0277,0.0206
44.9,0.0769,-0.0709,0.0376
44.92,-0.0031,0.0356,0.0181
44.94,-0.0045,-0.0208,0.0487
44.96,-0.0258,-0.0299,0.0461
44.98,0.001,-0.0097,0.0219
45.0,0.0143,0.052,-0.036
45.02,-0.0061,-0.0367,0.0182
45.04,-0.0283,0.0456,0.0741
45.06,0.0239,-0.083,-0.0096
45.08,-0.025,-0.025,-0.0242
45.1,0.0002,-0.0066,-0.0132
45.12,0.0297,-0.0054,0.0108
45.14,0.0213,-0.0133,-0.005
45.16,-0.0307,0.0187,-0.0049
45.18,-0.0352,0.0114,0.0223
45.2,-0.0307,-0.0173,0.0191
45.22,0.0201,-0.0198,-0.0457
45.24,-0.0008,0.0137,-0.0059
45.26,0.0232,-0.019,0.0086
45.28,0.0128,-0.0237,-0.0291
45.3,0.0074,-0.0032,-0.0045
45.32,0.0025,-0.0303,0.0422
45.34,-0.0229,-0.054,0.0376
45.36,0.0258,-0.013,0.0095
45.38,0.0368,-0.0373,-0.0361
45.4,0.0275,0.0186,0.0224
45.42,0.0052,-0.0306,-0.0125
45.44,-0.0108,-0.0176,0.0199
45.46,0.0246,-0.0798,0.03
45.48,-0.0228,0.0276,0.0267
45.5,0.0091,0.0197,-0.037
45.52,-0.0138,-0.004,0.0326
45.54,0.0636,-0.0476,0.0411
45.56,-0.0098,-0.0091,0.0515
45.58,0.0071,-0.0298,0.0074
45.6,0.0229,0.0047,0.0502
45.62,0.0427,-0.0297,0.0244
45.64,0.0112,-0.0035,0.0367
45.66,0.0482,-0.016,0.0108
45.68,-0.0579,-0.0683,-0.0172
45.7,-0.0141,-0.0189,0.0457
45.72,-0.0376,0.0099,0.025
45.74,0.0271,-0.0296,0.0057
45.76,0.0167,0.0258,-0.0227
45.78,-0.0231,-0.0465,-0.0148
45.8,0.0337,-0.0201,-0.0139
45.82,-0.0095,-0.0499,0.0015
45.84,0.029,-0.0085,0.04
45.86,-0.0067,-0.017,-0.0292
45.88,0.0407,0.0014,0.0082
45.9,0.0012,-0.0537,-0.0024
45.92,-0.0068,0.0025,-0.0153
45.94,0.0255,-0.036,0.0448
45.96,0.0073,-0.017,0.0041
45.98,0.0134,0.0138,0.0083
46.0,-0.0117,-0.0138,0.0158
46.02,-0.0089,-0.0034,0.0184
46.04,0.0463,-0.0142,0.0601
46.06,0.0195,0.0138,-0.0082
46.08,-0.0346,-0.0347,-0.024
46.1,-0.0124,0.0014,-0.006
46.12,-0.0129,-0.0588,-0.0064
46.14,0.0013,0.0232,0.0082
46.16,0.0029,-0.0466,0.0397
46.18,0.0736,-0.0368,0.0144
46.2,0.0382,-0.0444,0.0062
46.22,-0.0285,-0.0443,-0.0296
46.24,0.0697,-0.0117,0.0233
46.26,-0.021,0.0034,0.0381
46.28,-0.1109,-0.0356,0.0073
46.3,0.0139,-0.0263,0.0186
46.32,0.0284,0.0392,0.0127
46.34,-0.0549,-0.019,0.0316
46.36,0.0279,0.0075,0.0374
46.38,0.0049,-0.0166,0.0226
46.4,-0.0097,-0.0187,0.0654
46.42,0.0636,-0.0324,0.0402
46.44,-0.0385,-0.0054,-0.0024
46.46,0.0103,-0.0393,-0.0203
46.48,-0.0055,-0.0108,0.0185
46.5,0.0154,0.0244,0.0357
46.52,0.0002,-0.1038,0.0127
46.54,-0.059,0.0154,0.0022
46.56,0.0108,-0.0123,-0.0172
46.58,0.0093,-0.0212,0.0273
46.6,0.0569,-0.0407,0.0422
46.62,-0.0183,-0.021,0.032
46.64,0.0258,-0.0214,0.037
46.66,-0.0526,0.0186,0.0354
46.68,0.0547,-0.0316,0.026
46.7,-0.0057,-0.0164,-0.017
46.72,0.0513,-0.0356,-0.0042
46.74,0.0202,-0.0484,0.0028
46.76,0.0281,-0.0205,0.0193
46.78,-0.019,0.0217,0.0148
46.8,-0.0255,-0.0177,-0.0186
46.82,0.011,-0.0175,0.0535
46.84,0.0279,-0.0994,-0.0117
46.86,0.026,-0.0284,0.0087
46.88,0.0018,-0.0626,-0.0019
46.9,0.0326,-0.0145,-0.0054
46.92,0.0012,-0.0049,0.0085
46.94,0.0429,-0.0781,-0.0026
46.96,0.0127,-0.0526,0.0793
46.98,0.0123,-0.0227,-0.0215
47.0,-0.0251,-0.0106,0.0026
47.02,-0.0178,-0.0366,0.0294
47.04,0.0032,0.0154,0.0138
47.06,-0.0146,-0.0712,0.0078
47.08,0.0225,0.0234,0.0567
47.1,0.0043,-0.0693,0.034
47.12,0.0757,-0.0297,0.0244
47.14,0.0014,-0.0193,-0.0647
47.16,-0.0407,0.0251,0.0458
47.18,0.0053,-0.0398,-0.0562
47.2,-0.0331,-0.0135,-0.0163
47.22,0.0338,-0.0374,0.0117
47.24,-0.0037,-0.0454,0.0493
47.26,0.0331,0.0551,0.0637
47.28,-0.0019,0.0216,0.0493
47.3,-0.0121,-0.0161,-0.0076
47.32,-0.0112,0.0226,0.0544
47.34,-0.0248,-0.0503,0.0101
47.36,0.0503,-0.0187,0.0472
47.38,0.0025,-0.0386,0.0363
47.4,0.0113,-0.0533,0.0337
47.42,-0.0228,0.0123,-0.0212
47.44,0.0471,-0.0239,-0.0011
47.46,-0.0059,-0.0072,0.0191
47.48,-0.0229,-0.0069,0.0344
47.5,0.0043,-0.0175,-0.0139
47.52,0.0327,0.0435,0.0405
47.54,0.0066,-0.0573,0.0401
47.56,0.0035,-0.0168,0.0019
47.58,0.0394,0.0074,0.0438
47.6,0.0172,-0.0208,0.0039
47.62,0.0037,-0.0396,0.005
47.64,0.072,-0.0016,0.0552
47.66,-0.0384,-0.0172,-0.0143
47.68,0.074,-0.0948,0.0866
47.7,-0.017,-0.0511,-0.0267
47.72,-0.0116,-0.051,0.0374
47.74,0.0084,-0.0238,-0.0025
47.76,0.0038,0.0068,0.0058
47.78,0.0207,0.0345,0.0599
47.8,0.0676,-0.0259,0.0579
47.82,0.0382,-0.0274,0.0363
47.84,0.0165,-0.048,-0.0373
47.86,-0.0028,-0.0106,0.0594
47.88,-0.013,-0.0082,0.0116
47.9,-0.0107,-0.0153,-0.0185
47.92,-0.0151,0.0299,-0.0211
47.94,-0.0089,-0.0515,0.0298
47.96,0.0016,-0.0423,-0.0258
47.98,0.0312,-0.059,-0.0089
48.0,-0.0203,-0.0341,0.0297
48.02,-0.0182,0.0008,-0.011
48.04,0.0718,-0.0121,-0.0129
48.06,0.0495,-0.0061,0.0099
48.08,-0.0235,-0.0511,-0.0065
48.1,0.0358,-0.0059,0.0512
48.12,0.0057,0.0121,0.018
48.14,-0.0546,-0.0037,0.0162
48.16,0.013,-0.0173,0.026
48.18,-0.0225,-0.005,0.0402
48.2,0.0013,-0.0441,-0.0629
48.22,0.0391,0.0074,0.0555
48.24,-0.0269,-0.0618,0.0275
48.26,0.0148,-0.0308,0.0141
48.28,-0.0014,0.0122,0.0553
48.3,0.003,0.017,-0.0113
48.32,0.0066,-0.0488,0.0324
48.34,0.0002,-0.0708,0.0083
48.36,0.0159,-0.002,0.0057
48.38,-0.0476,-0.0445,-0.0015
48.4,0.0248,-0.0161,0.0488
48.42,-0.0065,-0.0038,0.0306
48.44,-0.0004,-0.0199,0.0443
48.46,-0.0336,-0.0418,0.0165
48.48,-0.0435,0.0212,0.0315
48.5,0.027,-0.0363,0.0268
48.52,-0.0245,-0.04,-0.046
48.54,0.0218,-0.0027,0.0711
48.56,-0.0069,-0.0221,0.0384
48.58,0.0061,-0.0249,0.032
48.6,0.0784,-0.0324,0.0301
48.62,-0.0124,-0.0536,0.0144
48.64,-0.0093,-0.0501,-0.003
48.66,-0.0246,-0.0471,-0.0068
48.68,0.0226,-0.0127,-0.0059
48.7,-0.0013,-0.0627,0.0536
48.72,-0.0161,-0.0867,0.0118
48.74,0.071,-0.0276,-0.0434
48.76,0.0126,0.0266,0.0492
48.78,0.0129,-0.009,0.0767
48.8,-0.0089,0.0028,-0.0006
48.82,0.0506,-0.0101,0.0002
48.84,0.0279,0.0103,-0.0108
48.86,0.1034,-0.0518,0.0962
48.88,-0.001,-0.0089,0.0097
48.9,0.0114,0.0164,0.0315
48.92,-0.0051,-0.0466,0.0256
48.94,0.0415,0.0091,-0.0316
48.96,0.0241,0.0124,0.0036
48.98,0.0343,-0.0282,-0.0165
49.0,0.0292,-0.0506,-0.0084
49.02,0.0271,-0.0451,0.0146
49.04,-0.0364,-0.0787,-0.0589
49.06,0.0548,0.0339,-0.0041
49.08,-0.0107,0.0257,0.029
49.1,0.0369,-0.0486,0.0119
49.12,0.0414,-0.0312,0.0275
49.14,0.0721,-0.0183,0.0313
49.16,0.0532,-0.0566,0.0367
49.18,0.0486,-0.043,0.0002
49.2,0.0285,-0.0374,0.039
49.22,0.0273,-0.0438,0.0577
49.24,0.0047,-0.0484,0.0202
49.26,0.0243,0.0078,-0.021
49.28,-0.019,-0.0566,0.0131
49.3,0.0466,-0.0406,0.0285
49.32,0.0073,-0.0487,0.0461
49.34,0.0212,-0.0313,-0.0254
49.36,0.0041,-0.0138,-0.0355
49.38,-0.0088,-0.0294,-0.0256
49.4,-0.0026,0.0292,0.011
49.42,0.0194,0.0276,0.0177
49.44,-0.0206,-0.0001,0.0377
49.46,-0.0528,-0.0512,-0.033
49.48,0.0463,-0.0272,0.0519
49.5,0.027,-0.0173,0.0198
49.52,0.0117,-0.0783,-0.0171
49.54,-0.0156,-0.0333,0.0482
49.56,0.0267,-0.0436,-0.036
49.58,-0.0231,-0.0319,0.0435
49.6,-0.0194,-0.043,0.0676
49.62,-0.0129,-0.0514,0.0171
49.64,0.0166,-0.0573,-0.0062
49.66,0.0723,0.0307,0.0494
49.68,-0.0232,-0.0216,-0.0571
49.7,-0.0254,0.0044,0.0336
49.72,0.0572,0.0073,-0.0519
49.74,-0.0022,-0.0261,0.0699
49.76,0.0294,-0.0136,-0.0074
49.78,-0.0113,-0.0307,0.0351
49.8,-0.0097,-0.0568,-0.0231
49.82,0.0503,-0.0377,-0.0009
49.84,0.0316,-0.0464,0.0248
49.86,0.048,0.0187,-0.0191
49.88,-0.0324,-0.0013,0.0371
49.9,-0.0162,-0.0287,0.0036
49.92,0.0245,-0.005,0.0163
49.94,-0.0433,-0.0251,0.0315
49.96,0.0212,0.0004,0.0532
49.98,0.0148,-0.0112,0.0276
50.0,0.0467,0.0111,0.0279
50.02,-0.0162,-0.0217,0.0309
50.04,0.0014,0.0162,0.0318
50.06,0.0782,0.0115,-0.0075
50.08,0.0244,-0.0653,0.0112
50.1,0.0419,0.004,0.0064
50.12,-0.0195,-0.0383,0.0213
50.14,0.0263,0.0053,0.0249
50.16,0.0189,0.0042,-0.0354
50.18,0.0305,-0.0674,0.0413
50.2,0.0256,-0.0289,0.024
50.22,0.0197,-0.0565,0.0456
50.24,-0.0052,-0.0072,0.0319
50.26,0.0056,-0.0344,-0.0089
50.28,0.0288,-0.0659,0.0252
50.3,0.016,-0.0307,-0.0118
50.32,-0.0273,-0.0011,0.0221
50.34,0.0225,0.0332,0.006
50.36,-0.0306,-0.0276,-0.0479
50.38,0.0043,-0.0477,-0.0245
50.4,-0.0341,-0.0184,0.0554
50.42,-0.0104,-0.0211,-0.0171
50.44,0.0085,-0.0218,0.0407
50.46,0.0291,-0.0107,0.0116
50.48,0.004,-0.0644,-0.0024
50.5,0.0264,-0.0171,0.04
50.52,0.0073,-0.0214,0.0465
50.54,0.0047,-0.0396,0.0049
50.56,-0.0102,-0.0085,0.0165
50.58,0.0095,-0.0147,0.0285
50.6,-0.0152,0.0299,-0.0176
50.62,-0.023,-0.0487,0.0448
50.64,0.0521,-0.0672,0.036
50.66,-0.0132,0.061,-0.0096
50.68,0.0204,-0.0323,0.024
50.7,-0.0571,-0.0021,-0.018
50.72,0.0076,-0.0232,0.0086
50.74,0.0343,0.0393,0.0553
50.76,0.0231,-0.0311,-0.0254
50.78,0.0772,0.0229,-0.015
50.8,0.0401,-0.0107,0.01
50.82,0.0218,-0.0087,-0.0488
50.84,0.0265,-0.0274,0.0077
50.86,-0.0116,-0.051,0.0061
50.88,-0.0107,-0.0231,-0.0127
50.9,-0.0187,-0.0625,-0.0104
50.92,0.0242,0.0184,0.0309
50.94,0.0149,-0.017,0.0374
50.96,-0.0009,-0.002,0.0219
50.98,-0.0003,-0.0438,-0.0118
51.0,0.0471,-0.0281,0.0618
51.02,0.0095,-0.0242,0.0301
51.04,0.0566,0.0361,-0.0083
51.06,-0.0189,-0.0419,0.0144
51.08,0.0397,0.0273,0.0271
51.1,0.0127,0.0144,0.023
51.12,-0.0128,-0.0159,0.006
51.14,0.0232,-0.0298,0.0154
51.16,0.021,-0.0231,-0.0206
51.18,-0.0117,-0.0256,-0.0025
51.2,-0.0035,-0.0423,-0.0212
51.22,0.0582,-0.034,0.0529
51.24,0.0134,-0.0459,0.0145
51.26,-0.0194,-0.0065,0.0203
51.28,0.0027,-0.0444,-0.0272
51.3,-0.05,0.029,-0.0276
51.32,0.0561,0.006,0.013
51.34,0.0154,-0.0354,0.0429
51.36,0.0343,0.0035,-0.0135
51.38,0.0439,-0.035,0.0265
51.4,0.0177,-0.0269,0.0105
51.42,0.0001,-0.0336,0.0129
51.44,0.0282,-0.0177,0.0331
51.46,0.0224,-0.0269,-0.0166
51.48,0.066,-0.0165,0.0409
51.5,0.0701,-0.0331,0.0802
51.52,0.0148,-0.0965,0.0405
51.54,-0.0056,-0.0394,-0.0033
51.56,0.0221,-0.0489,0.0036
51.58,0.0055,-0.0613,0.0245
51.6,0.0392,-0.0063,0.022
51.62,0.0219,-0.016,-0.0164
51.64,-0.0215,-0.0127,-0.0344
51.66,0.0387,-0.0523,0.0589
51.68,0.0224,0.0241,0.0674
51.7,0.0003,-0.0389,0.0376
51.72,0.0736,-0.0148,0.0757
51.74,0.0195,-0.0058,0.0117
51.76,0.0076,-0.029,-0.0329
51.78,-0.0073,-0.0369,-0.0052
51.8,0.0599,-0.0514,0.0352
51.82,0.026,-0.0214,-0.0094
51.84,0.0014,-0.0088,-0.0117
51.86,0.0221,-0.0249,0.0048
51.88,0.0464,-0.0734,-0.0084
51.9,-0.0156,-0.0161,0.0857
51.92,0.01,0.0166,0.013
51.94,0.0486,0.0177,0.0511
51.96,0.0417,0.0194,0.007
51.98,0.0321,0.0283,0.0472
52.0,-0.0014,-0.0761,0.0289
52.02,-0.0166,0.0007,0.0473
52.04,-0.0207,0.0061,0.0496
52.06,-0.0307,-0.0596,0.0228
52.08,0.0118,-0.0367,0.0047
52.1,0.0168,-0.0509,0.0404
52.12,0.0004,-0.0189,0.0093
52.14,0.0213,-0.0335,0.0103
52.16,0.0018,-0.0133,-0.0176
52.18,0.0423,-0.0155,0.0107
52.2,0.0504,-0.0225,0.0215
52.22,0.0542,-0.0117,0.0426
52.24,0.0136,-0.0287,-0.0072
52.26,0.014,-0.0226,0.0469
52.28,0.0107,-0.0358,0.0243
52.3,0.0166,-0.0191,0.0603
52.32,-0.0336,-0.0024,0.0055
52.34,0.0426,-0.0121,-0.0368
52.36,-0.0564,-0.0355,-0.0054
52.38,0.0232,-0.0026,0.0367
52.4,0.0375,-0.0072,-0.0043
52.42,0.0152,0.007,-0.0284
52.44,0.0667,0.0075,-0.0189
52.46,0.0677,-0.0382,-0.0448
52.48,-0.0468,-0.0313,-0.0121
52.5,0.0029,-0.0234,0.0312
52.52,0.0395,-0.0041,0.0057
52.54,-0.0149,0.0147,0.0299
52.56,-0.0368,-0.0105,-0.0388
52.58,-0.0262,0.0124,0.0112
52.6,0.0316,-0.0227,-0.0104
52.62,0.0292,0.0234,0.0467
52.64,0.0275,-0.011,0.0047
52.66,0.0453,-0.0305,0.0005
52.68,0.0039,-0.0143,0.019
52.7,0.0576,0.0231,0.0001
52.72,-0.0129,0.0281,0.0011
52.74,-0.0126,-0.0548,0.0432
52.76,0.0652,-0.0971,-0.0244
52.78,-0.025,-0.0702,-0.0101
52.8,0.019,-0.0155,-0.0112
52.82,-0.0038,-0.0487,0.0235
52.84,-0.0101,-0.0194,0.045
52.86,0.0117,-0.017,-0.0208
52.88,0.0197,-0.0712,0.0088
52.9,-0.0244,0.0203,0.0344
52.92,-0.0038,-0.0386,0.0384
52.94,-0.0081,-0.0211,0.0508
52.96,-0.0159,-0.0255,0.0037
52.98,0.0684,-0.0088,0.0555
53.0,-0.0065,-0.0347,0.0168
53.02,0.0427,-0.0729,-0.0469
53.04,0.0079,-0.0441,0.0674
53.06,-0.0335,0.0113,-0.0568
53.08,-0.0641,-0.0411,-0.0605
53.1,0.0094,-0.0423,0.0517
53.12,0.0272,-0.0274,-0.0052
53.14,-0.001,-0.0463,-0.0054
53.16,-0.0422,-0.0177,0.0507
53.18,0.0212,0.0274,0.0485
53.2,0.008,-0.0445,0.0006
53.22,-0.011,-0.0063,0.0395
53.24,0.102,-0.0316,-0.0038
53.26,0.0105,-0.0237,0.0175
53.28,-0.0178,-0.0269,0.0776
53.3,-0.0155,-0.0351,-0.0007
53.32,0.0108,-0.0767,0.0542
53.34,0.0468,0.0577,0.0271
53.36,-0.0359,-0.0186,0.0123
53.38,0.012,-0.056,-0.0011
53.4,-0.0167,-0.0072,0.0122
53.42,0.0323,-0.0242,-0.0356
53.44,0.0163,-0.0469,-0.0232
53.46,-0.0295,-0.006,0.0451
53.48,-0.0051,-0.0275,0.0441
53.5,-0.021,-0.0381,-0.0023
53.52,0.0072,-0.0523,-0.0154
53.54,0.0145,-0.0182,0.0081
53.56,-0.0118,0.0129,0.0139
53.58,-0.0294,-0.0257,-0.0517
53.6,0.0409,-0.0003,-0.009
53.62,0.0178,-0.0321,0.0205
53.64,-0.0155,0.008,0.0346
53.66,0.0361,0.0112,0.0291
53.68,-0.0339,-0.0373,0.0718
53.7,-0.0241,0.0001,0.0083
53.72,-0.0084,-0.0489,0.0543
53.74,0.0153,-0.0105,0.035
53.76,0.014,-0.0003,0.0104
53.78,0.0606,-0.0046,0.0478
53.8,-0.0092,-0.0262,0.0019
53.82,-0.0227,-0.02,-0.0096
53.84,-0.0487,-0.0479,0.0209
53.86,-0.0023,0.0055,-0.011
53.88,0.058,-0.0103,0.0461
53.9,0.0245,-0.0251,-0.0114
53.92,0.0603,-0.0394,0.0097
53.94,0.0086,-0.0595,0.007
53.96,0.0234,-0.027,0.0119
53.98,-0.0395,-0.0385,0.0408
54.0,0.0319,-0.0518,0.0019
54.02,-0.0359,0.0577,-0.0299
54.04,-0.0147,0.0069,-0.0098
54.06,0.0298,-0.0109,-0.0043
54.08,0.0227,0.0276,0.0484
54.1,-0.0387,-0.0081,-0.0064
54.12,-0.0287,-0.0123,-0.0182
54.14,-0.0066,-0.0073,-0.0184
54.16,-0.0088,0.0512,0.0417
54.18,-0.0079,-0.0388,-0.004
54.2,-0.0007,-0.0265,-0.0239
54.22,0.0179,0.0072,-0.0246
54.24,0.0466,0.0174,0.0299
54.26,0.0224,0.0261,0.0382
54.28,0.0261,-0.0366,-0.0066
54.3,0.0276,-0.0198,0.0925
54.32,-0.0096,0.0285,0.0281
54.34,-0.0162,-0.0004,0.0074
54.36,0.0386,0.0051,0.0195
54.38,0.0022,-0.045,0.0458
54.4,0.0119,0.0007,-0.0013
54.42,-0.0161,-0.0069,0.0097
54.44,0.0907,-0.0235,0.057
54.46,-0.0186,-0.0374,0.0321
54.48,-0.0061,-0.054,0.0064
54.5,-0.0077,-0.016,-0.0022
54.52,-0.0121,-0.0634,0.0152
54.54,0.0176,-0.0445,-0.0239
54.56,-0.032,-0.0664,-0.0208
54.58,0.0423,-0.0058,0.0777
54.6,0.0574,-0.079,0.0272
54.62,-0.0443,-0.0353,0.0649
54.64,-0.0007,-0.0578,0.0427
54.66,-0.0274,-0.0328,-0.0237
54.68,0.022,0.023,-0.0419
54.7,-0.012,-0.095,0.0147
54.72,0.019,-0.0026,0.0083
54.74,0.0367,0.0047,0.0309
54.76,0.0303,0.0227,0.0328
54.78,-0.023,-0.0594,-0.0009
54.8,0.0298,-0.0525,0.0657
54.82,0.0299,-0.0578,0.0065
54.84,0.0826,-0.0197,0.0517
54.86,0.0065,0.0355,0.0247
54.88,0.0474,-0.0673,0.0511
54.9,0.0033,-0.0089,-0.0085
54.92,0.0228,-0.024,0.0213
54.94,-0.0295,-0.0029,0.0158
54.96,-0.0043,-0.0307,-0.0351
54.98,0.0571,-0.0744,0.0747
55.0,0.0456,-0.0555,0.0069
55.02,0.0654,-0.0268,0.0038
55.04,-0.0543,-0.0259,-0.0341
55.06,-0.0242,-0.0039,-0.0254
55.08,0.0374,-0.0165,-0.0268
55.1,-0.0303,0.0102,0.0178
55.12,0.0231,-0.0219,0.0068
55.14,-0.0398,-0.0182,-0.0101
55.16,0.0546,-0.0533,0.0201
55.18,-0.0021,-0.0537,-0.0249
55.2,-0.0125,-0.063,-0.0178
55.22,0.0115,0.0104,0.0117
55.24,0.0469,-0.0039,0.016
55.26,-0.0252,-0.0186,0.0428
55.28,-0.0115,-0.0587,-0.016
55.3,0.0316,-0.0861,0.0087
55.32,0.0301,-0.0432,0.0213
55.34,0.0248,0.0157,0.0427
55.36,0.0094,-0.0079,0.0585
55.38,0.0219,-0.0121,0.0014
55.4,0.0083,0.0063,0.0165
55.42,0.039,0.0168,0.0411
55.44,0.0379,-0.0732,-0.0125
55.46,-0.033,-0.0182,-0.002
55.48,-0.027,0.005,0.0053
55.5,0.0122,-0.0227,0.0439
55.52,0.0056,-0.077,0.0083
55.54,0.0115,-0.0469,0.0106
55.56,0.0274,-0.0141,0.038
55.58,0.0315,-0.0328,0.0703
55.6,-0.022,0.0292,0.0333
55.62,-0.0644,-0.0893,0.0085
55.64,0.0421,-0.0245,0.0041
55.66,0.0305,0.0245,0.0596
55.68,-0.0137,0.003,0.0255
55.7,-0.0069,-0.0379,0.0183
55.72,0.0172,-0.0095,0.0376
55.74,-0.0085,-0.057,-0.0442
55.76,0.0363,-0.0108,-0.0045
55.78,-0.0202,0.0248,-0.0086
55.8,0.0285,-0.0207,0.0297
55.82,0.004,-0.0429,0.0434
55.84,-0.0029,-0.067,0.0017
55.86,0.0071,-0.0209,0.0387
55.88,-0.015,-0.0635,0.015
55.9,0.0476,-0.0564,-0.0048
55.92,0.0279,0.0443,0.0067
55.94,-0.0433,-0.0259,0.0195
55.96,-0.0502,-0.0065,-0.0065
55.98,0.0178,-0.0474,0.0311
56.0,0.0472,-0.0303,-0.0042
56.02,0.0177,-0.0541,0.0217
56.04,0.0479,-0.0467,0.0592
56.06,-0.051,-0.0353,0.0293
56.08,-0.0223,-0.0184,-0.0149
56.1,0.0012,-0.0367,0.043
56.12,0.0652,-0.0023,-0.0365
56.14,0.0593,0.0025,0.023
56.16,0.0104,-0.0417,-0.0208
56.18,0.0588,-0.015,0.0365
56.2,0.0026,-0.0025,0.0242
56.22,0.0176,-0.0235,0.0319
56.24,0.021,-0.0208,0.0558
56.26,-0.0218,-0.0609,0.0146
56.28,0.001,0.0368,-0.0302
56.3,0.0387,-0.0171,0.0089
56.32,0.0392,-0.0381,-0.0281
56.34,0.0387,-0.0068,0.0127
56.36,-0.0294,-0.0346,-0.0021
56.38,0.0086,-0.0231,0.0262
56.4,-0.057,-0.0162,0.0396
56.42,-0.0284,0.0036,-0.0211
56.44,0.0459,-0.0246,0.005
56.46,0.0097,-0.0172,-0.004
56.48,0.0254,-0.0286,0.0573
56.5,0.0241,-0.0167,-0.0197
56.52,0.0115,-0.013,0.0306
56.54,0.017,-0.0434,0.0187
56.56,-0.036,-0.0465,0.02
56.58,0.0261,-0.042,0.0365
56.6,0.0007,-0.0366,0.0283
56.62,0.0217,0.0321,0.0683
56.64,0.0434,0.0112,0.0009
56.66,0.0264,0.0064,0.0679
56.68,-0.0129,0.0045,0.0037
56.7,0.038,0.0019,0.0053
56.72,0.0246,-0.0444,-0.0615
56.74,-0.0064,0.0244,0.0032
56.76,0.0705,0.0066,0.0049
56.78,0.0626,-0.0336,-0.0358
56.8,-0.0142,0.0123,0.0317
56.82,0.0564,-0.0384,0.0766
56.84,-0.0124,-0.0309,-0.0022
56.86,0.0406,-0.0353,-0.0234
56.88,-0.01,0.0488,0.0514
56.9,0.0452,-0.015,0.0365
56.92,0.0389,-0.0082,0.0513
56.94,0.0077,-0.0371,0.0539
56.96,-0.006,-0.0858,0.0369
56.98,0.053,-0.0153,0.0105
57.0,-0.0471,0.0248,0.0781
57.02,-0.0227,-0.0194,0.0494
57.04,0.0272,0.0145,0.0702
57.06,0.0379,-0.0178,0.0808
57.08,0.0038,-0.0217,0.0432
57.1,-0.0013,-0.0348,0.0191
57.12,0.031,-0.0249,0.0219
57.14,0.0254,0.0314,0.006
57.16,0.0529,-0.0275,0.0573
57.18,-0.0065,-0.02,0.0071
57.2,0.0224,-0.077,0.0093
57.22,-0.0346,-0.0394,0.0165
57.24,-0.0397,-0.0522,-0.0072
57.26,0.0026,-0.0207,0.0596
57.28,-0.0169,-0.0126,-0.0156
57.3,0.0335,-0.0633,-0.0206
57.32,0.0053,-0.0096,0.0503
57.34,-0.0241,-0.0244,-0.0464
57.36,0.0086,-0.0287,-0.0168
57.38,-0.0228,0.0039,0.0226
57.4,-0.0453,-0.0312,0.0434
57.42,0.031,-0.0386,-0.0047
57.44,0.0304,-0.0412,0.0011
57.46,-0.0289,0.0459,0.0123
57.48,0.0707,0.0412,-0.0075
57.5,-0.0289,0.0092,0.0295
57.52,-0.0195,0.0218,0.0023
57.54,0.0243,-0.0181,-0.0229
57.56,-0.0013,-0.0329,0.0373
57.58,0.0066,0.0121,0.0385
57.6,0.0012,0.0408,0.0043
57.62,-0.0058,-0.014,0.0157
57.64,-0.0846,-0.0127,0.0122
57.66,0.0292,0.0151,-0.0321
57.68,-0.0036,-0.0495,0.0304
57.7,0.0233,-0.0629,-0.0012
57.72,0.0324,-0.0073,-0.0243
57.74,0.0105,-0.0448,0.0027
57.76,0.0168,-0.0863,0.018
57.78,0.009,-0.0681,-0.0203
57.8,0.026,-0.0453,0.0414
57.82,-0.0041,-0.055,0.0478
57.84,-0.0313,-0.0388,0.0777
57.86,-0.0146,-0.0891,-0.0182
57.88,0.003,-0.0263,0.0975
57.9,0.016,-0.0737,0.0291
57.92,-0.0087,-0.0165,-0.0147
57.94,-0.0342,-0.0029,0.0499
57.96,0.045,-0.0158,0.0092
57.98,0.0377,-0.0243,0.0164
58.0,0.0143,-0.0105,0.01
58.02,-0.0099,-0.0677,0.0406
58.04,-0.0064,-0.0301,0.0085
58.06,-0.0121,0.0102,0.0166
58.08,0.0317,0.0003,0.0146
58.1,-0.0078,-0.0662,0.034
58.12,-0.0366,0.0209,0.0054
58.14,0.0307,-0.0279,0.0265
58.16,-0.0026,-0.0082,0.01
58.18,0.025,-0.0311,0.0654
58.2,0.0021,-0.0202,0.027
58.22,-0.0159,-0.0148,-0.0194
58.24,0.0454,-0.0214,-0.0402
58.26,-0.0418,-0.059,0.0406
58.28,-0.0406,-0.0486,-0.0077
58.3,-0.0376,-0.0397,0.0201
58.32,-0.0007,0.0481,-0.0495
58.34,-0.0231,-0.0275,-0.0292
58.36,0.0056,-0.0618,-0.0042
58.38,-0.019,-0.0262,0.0041
58.4,-0.038,-0.0172,0.0194
58.42,-0.0053,0.0107,0.0647
58.44,-0.0149,-0.0047,0.0033
58.46,0.0186,-0.0217,0.0107
58.48,-0.009,0.0162,0.0315
58.5,0.0555,-0.0112,-0.0183
58.52,0.072,-0.0343,-0.0499
58.54,0.0237,-0.0586,-0.0208
58.56,0.0476,-0.0259,-0.0084
58.58,-0.0007,0.0149,0.0597
58.6,-0.0419,0.0055,-0.0251
58.62,-0.0433,0.0056,0.036
58.64,0.0295,-0.0146,0.0256
58.66,-0.0531,-0.0709,0.0329
58.68,-0.0212,-0.0466,0.0715
58.7,-0.0694,-0.0499,-0.0191
58.72,0.0253,-0.0164,0.0773
58.74,0.0595,-0.0123,-0.0042
58.76,-0.0542,-0.0573,-0.0054
58.78,-0.0117,-0.0821,-0.0178
58.8,0.0094,0.0265,0.0438
58.82,0.0022,-0.0023,0.0259
58.84,-0.0284,0.0109,0.0123
58.86,0.0045,-0.0273,0.0049
58.88,-0.0286,0.0163,0.0899
58.9,0.038,0.0003,0.0242
58.92,0.0441,-0.0557,0.0127
58.94,-0.0029,-0.0123,0.0002
58.96,-0.011,-0.0343,0.0005
58.98,-0.0062,-0.0536,0.0093
59.0,-0.0145,-0.0535,0.0527
59.02,0.0168,0.0043,0.0509
59.04,0.0098,-0.0335,-0.0392
59.06,-0.0007,0.0117,-0.0014
59.08,0.0429,-0.039,0.055
59.1,0.0222,-0.0697,-0.0307
59.12,-0.0039,-0.037,0.0042
59.14,0.0511,-0.0028,0.0418
59.16,0.0087,-0.014,0.059
59.18,-0.0041,-0.0641,0.0412
59.2,0.0123,-0.0717,-0.0245
59.22,-0.021,-0.0527,0.007
59.24,0.0013,-0.0353,0.0088
59.26,0.0469,-0.0519,0.0192
59.28,0.0185,0.0198,0.027
59.3,-0.0076,0.0237,0.0073
59.32,0.0285,0.0206,0.0129
59.34,0.0435,-0.006,-0.083
59.36,0.0189,0.0092,-0.0263
59.38,0.0392,-0.0687,-0.0352
59.4,0.0466,-0.0515,0.0324
59.42,0.0409,0.0027,0.0225
59.44,-0.0058,0.0122,-0.0037
59.46,-0.0261,-0.0438,0.03
59.48,0.0287,-0.0211,0.0189
59.5,0.0635,0.0228,0.0238
59.52,0.0106,0.0226,-0.0416
59.54,0.0507,-0.0051,-0.034
59.56,0.0208,-0.0153,0.0023
59.58,-0.0159,-0.0377,0.0305
59.6,-0.0005,-0.0559,-0.0172
59.62,0.0356,-0.0335,0.01
59.64,0.0352,-0.038,0.0943
59.66,0.0,0.013,0.0318
59.68,0.0026,0.007,0.0774
59.7,0.0206,0.0143,-0.0132
59.72,-0.035,-0.0036,0.0136
59.74,0.0332,0.0115,0.0267
59.76,0.0734,-0.043,-0.0065
59.78,-0.0161,-0.0136,0.0422
59.8,-0.0517,-0.0233,-0.014
59.82,-0.022,0.0234,-0.0215
59.84,-0.0021,-0.0176,0.032
59.86,0.003,0.0114,-0.0247
59.88,0.1028,-0.0911,-0.0037
59.9,0.0517,-0.0063,0.0127
59.92,0.007,-0.0418,-0.008
59.94,0.0447,0.0492,0.0705
59.96,0.0004,-0.039,-0.0073
59.98,-0.0765,-0.025,-0.021
60.0,-0.9347,0.5885,-2.0467
60.02,-0.5256,0.9561,-1.4952
60.04,-0.3323,1.1811,-2.5606
60.06,-0.4763,1.4639,-2.9004
60.08,0.5002,1.4405,-2.122
60.1,0.3413,0.8615,-1.3272
60.12,1.2131,1.0083,-1.2046
60.14,1.2503,0.7943,-0.5802
60.16,1.9368,0.9233,1.2424
60.18,2.1536,0.4991,2.5809
60.2,1.7242,0.4412,2.8011
60.22,1.7755,0.323,3.4255
60.24,2.2795,-0.0414,3.701
60.26,1.0313,-0.2683,3.6166
60.28,0.6551,-0.0079,3.155
60.3,0.0686,-0.0565,1.8218
60.32,-0.7004,-0.8428,1.7969
60.34,-0.3278,-0.6515,0.9629
60.36,-0.5655,-1.2311,-0.0656
60.38,-1.4125,-1.3651,-0.6856
60.4,-1.1933,-1.4275,-1.1765
60.42,-0.5579,-0.9098,-0.8774
60.44,-0.7012,-0.9912,-1.5394
60.46,-1.4273,-0.7821,-2.1296
60.48,-0.8962,-0.2253,-2.0671
60.5,-1.2246,0.0578,-2.3333
60.52,-1.2564,0.5868,-2.1556
60.54,-1.1018,1.1295,-2.133
60.56,-0.8178,1.1593,-2.2023
60.58,-0.4316,1.0952,-1.7749
60.6,-0.0856,0.8144,-1.8941
60.62,-0.3059,1.3419,-1.4818
60.64,0.9129,0.9914,-0.8849
60.66,1.3324,0.7739,-1.1149
60.68,1.7089,0.6366,-0.2776
60.7,2.2336,0.1709,1.2833
60.72,1.514,-0.2227,1.461
60.74,1.9358,0.1134,3.0117
60.76,1.4698,0.403,3.359
60.78,1.1655,0.113,3.2051
60.8,0.3827,-0.0643,3.282
60.82,0.1818,-0.5302,3.3118
60.84,-0.0757,-0.6009,2.3841
60.86,-1.0906,-1.0401,1.4539
60.88,-0.8206,-0.9716,0.3208
60.9,-0.6487,-1.2497,0.0274
60.92,-1.13,-0.8376,-1.8086
60.94,-1.187,-1.1446,-1.7437
60.96,-1.5607,-1.6256,-2.4697
60.98,-1.0015,-1.4912,-1.5145
61.0,-1.0146,-0.827,-2.2004
61.02,-1.4126,-0.5651,-2.0866
61.04,-0.9443,0.3372,-2.089
61.06,-1.2404,0.6641,-2.057
61.08,-1.0515,0.5727,-2.0297
61.1,-0.6531,0.6794,-1.7813
61.12,-0.3906,1.4863,-1.7801
61.14,-0.0327,1.1382,-2.5119
61.16,0.9769,1.2595,-1.4671
61.18,1.3968,0.7773,-0.7387
61.2,1.9891,0.2399,0.4425
61.22,1.9965,0.3789,1.3953
61.24,2.0046,-0.029,2.4407
61.26,1.5569,-0.0878,2.9219
61.28,1.2217,0.2266,3.2104
61.3,1.432,0.4051,3.6219
61.32,0.7,0.4141,3.5847
61.34,-0.1154,-0.3837,3.0498
61.36,-0.1316,-0.4854,1.7057
61.38,-0.7285,-0.4286,1.1433
61.4,-0.9203,-0.9637,1.3565
61.42,-1.0518,-1.1064,-0.0763
61.44,-1.5272,-0.9494,-1.4586
61.46,-1.2713,-1.1693,-1.7382
61.48,-1.3751,-1.3577,-1.709
61.5,-1.3223,-1.6622,-2.5818
61.52,-1.4411,-0.4981,-1.884
61.54,-1.3368,-0.3332,-2.2351
61.56,-1.4118,0.0103,-1.9005
61.58,-0.8746,0.0308,-1.9383
61.6,-0.6723,1.0783,-2.1179
61.62,-0.68,1.0887,-1.815
61.64,-0.4948,1.3143,-1.5566
61.66,0.3378,1.7702,-1.8014
61.68,0.6662,0.7645,-1.4495
61.7,0.9613,0.7909,-0.0304
61.72,1.821,1.4947,0.1785
61.74,2.0246,0.4053,1.3547
61.76,2.0232,0.31,1.3483
61.78,2.4049,0.1849,2.9442
61.8,1.6418,-0.1448,3.5395
61.82,0.7599,0.0285,3.5271
61.84,1.2006,-0.1364,3.8296
61.86,0.3179,0.1618,3.3006
61.88,0.2259,-1.1219,2.7071
61.9,-0.681,-0.7369,1.9019
61.92,-1.0712,-0.9305,0.7628
61.94,-1.336,-0.9035,-0.0533
61.96,-0.8819,-1.1209,-0.9113
61.98,-1.4913,-1.2551,-1.4294
62.0,-1.0346,-1.1421,-1.1572
62.02,-1.1763,-1.4181,-1.8785
62.04,-1.2827,-1.3614,-1.1301
62.06,-0.8603,-0.2996,-2.0902
62.08,-0.658,-0.0005,-2.5778
62.1,-0.9022,0.4745,-1.9466
62.12,-0.4278,0.6443,-2.3756
62.14,-0.9212,1.1696,-2.3604
62.16,-0.461,1.4417,-1.5863
62.18,-0.0937,1.0623,-2.4155
62.2,0.3191,1.054,-1.4415
62.22,0.9313,1.0983,-0.469
62.24,1.3456,0.2514,-0.113
62.26,2.1892,1.0256,0.4315
62.28,2.268,0.5199,2.1664
62.3,1.8319,-0.115,3.0549
62.32,1.9106,0.1247,3.087
62.34,1.6849,0.0289,3.4185
62.36,0.9053,-0.0561,3.7771
62.38,0.6192,-0.4238,3.5091
62.4,-0.0223,-0.5403,2.3664
62.42,-0.991,-0.4618,2.0173
62.44,-0.2218,-0.7119,0.9809
62.46,-1.3765,-0.6582,-0.3123
62.48,-1.3929,-0.8896,-1.3962
62.5,-1.4411,-1.5058,-0.9713
62.52,-1.614,-1.5771,-2.0354
62.54,-1.3554,-1.2911,-2.0286
62.56,-0.8448,-1.228,-2.0852
62.58,-1.2661,-0.6036,-2.2371
62.6,-0.6811,-0.3817,-2.1418
62.62,-0.9423,0.1779,-2.1005
62.64,-0.9704,0.5451,-2.0689
62.66,-0.5099,0.7596,-1.5217
62.68,-0.8459,1.0427,-2.09
62.7,0.1819,1.6845,-2.1203
62.72,0.3558,1.4816,-1.7882
62.74,0.7707,1.5387,-0.9163
62.76,1.4103,0.6788,-0.8003
62.78,1.5832,0.9289,0.1232
62.8,1.7067,0.434,1.3376
62.82,1.9646,0.1326,2.2995
62.84,2.0008,0.3478,2.8268
62.86,1.2424,0.6032,3.7298
62.88,1.224,-0.1911,3.4981
62.9,0.9052,0.2386,4.5097
62.92,-0.0583,-0.1976,3.0101
62.94,-0.6266,0.1142,2.5012
62.96,-0.4548,-0.8403,1.5651
62.98,-1.5286,-1.0387,0.4272
63.0,-1.0159,-0.7257,-0.5627
63.02,-1.0576,-0.581,-1.2301
63.04,-1.0517,-1.7269,-1.4877
63.06,-0.9785,-1.0377,-0.8952
63.08,-0.8896,-1.138,-2.2918
63.1,-0.9835,-0.5425,-2.3513
63.12,-1.1437,-0.5575,-2.0662
63.14,-0.7461,0.0079,-1.8397
63.16,-1.0642,0.0768,-2.2143
63.18,-0.7674,0.8532,-1.8157
63.2,-0.1721,1.2466,-2.083
63.22,-0.1798,1.2614,-2.3787
63.24,-0.2392,1.9138,-1.6834
63.26,0.7892,1.1494,-1.7115
63.28,1.6805,1.1233,-0.7489
63.3,1.2282,0.6333,0.6992
63.32,1.958,0.6941,0.8533
63.34,2.4093,0.441,1.7749
63.36,1.8629,0.311,2.7227
63.38,2.0182,-0.3831,3.1554
63.4,1.2469,0.1705,3.6745
63.42,0.6259,-0.6173,3.5768
63.44,-0.1669,-0.4099,3.3665
63.46,-0.2108,0.1502,2.6536
63.48,-0.9583,-0.3212,1.7166
63.5,-1.2219,-0.6232,0.5591
63.52,-1.348,-1.0264,0.2209
63.54,-1.244,-1.213,-0.8045
63.56,-1.6589,-0.9582,-1.6373
63.58,-0.7775,-1.3784,-1.275
63.6,-0.9604,-1.2649,-1.3912
63.62,-1.3818,-1.0324,-2.0157
63.64,-0.7318,-0.6839,-2.097
63.66,-1.3486,-0.086,-1.505
63.68,-0.8839,0.1179,-1.887
63.7,-0.5444,0.7208,-2.1524
63.72,-0.7151,0.9634,-1.8765
63.74,0.0271,1.5485,-2.0469
63.76,0.1136,0.9962,-2.0357
63.78,0.4864,1.2217,-1.9187
63.8,0.6373,1.1339,-0.9539
63.82,1.6734,0.6129,-0.4355
63.84,1.9865,0.567,0.5152
63.86,1.7882,0.1992,1.7127
63.88,2.0281,0.0603,2.7831
63.9,1.834,0.5401,3.6201
63.92,1.5352,0.0894,3.2671
63.94,1.0341,0.1413,4.1868
63.96,0.5438,-0.3147,3.7388
63.98,-0.0484,-0.528,3.0222
64.0,-0.83,-0.1639,1.9624
64.02,-1.2639,-0.7378,1.0851
64.04,-1.3839,-1.0236,-0.0055
64.06,-1.6442,-1.2229,-1.2029
64.08,-1.5672,-1.5099,-0.9234
64.1,-0.9958,-1.8154,-1.2984
64.12,-0.8581,-1.1818,-1.8723
64.14,-0.9433,-1.2548,-2.0827
64.16,-0.8562,-0.9119,-1.94
64.18,-0.7673,-0.2746,-1.9993
64.2,-1.0568,0.0164,-2.2155
64.22,-1.0043,0.8079,-1.8676
64.24,-0.8358,0.9825,-2.285
64.26,-0.4647,1.1352,-1.6999
64.28,-0.0345,0.7633,-2.4442
64.3,0.7243,1.0998,-1.762
64.32,0.5455,1.6896,-0.6843
64.34,0.8069,0.5367,0.3254
64.36,2.0101,0.6462,0.5852
64.38,1.9547,0.3801,1.5747
64.4,2.0054,-0.025,1.8167
64.42,1.3537,-0.0551,3.3065
64.44,1.8891,0.2691,3.0445
64.46,1.3567,0.155,3.585
64.48,0.6173,-0.0039,3.6711
64.5,0.1487,-0.128,2.8318
64.52,-0.3994,-0.4055,1.9472
64.54,-1.1539,-0.5521,1.0907
64.56,-0.7525,-0.726,0.0217
64.58,-1.0683,-1.1038,-0.6424
64.6,-1.0695,-1.3608,-1.2769
64.62,-1.237,-1.4518,-1.5702
64.64,-1.2826,-1.3125,-1.4976
64.66,-1.3377,-1.2951,-1.3272
64.68,-1.4025,-0.8372,-1.9441
64.7,-1.207,-0.7068,-2.5292
64.72,-0.6909,0.0706,-1.5868
64.74,-0.8538,0.5326,-1.5203
64.76,-1.0812,0.7112,-2.0458
64.78,-0.5362,0.8398,-1.8345
64.8,-0.1024,1.0109,-2.0363
64.82,0.8019,1.1395,-1.9045
64.84,0.3407,0.855,-1.7267
64.86,1.212,0.7137,-0.8213
64.88,1.4243,0.9154,-0.2627
64.9,2.5688,0.6991,1.1243
64.92,2.4632,0.5521,1.8722
64.94,2.2505,0.21,2.6537
64.96,1.7864,0.293,3.5551
64.98,1.5466,-0.0055,3.5197
65.0,0.6677,-0.2678,3.4348
65.02,0.4069,-0.0824,3.1032
65.04,0.1805,0.0286,2.2541
65.06,-0.7439,-0.7077,1.3202
65.08,-1.2534,-1.0156,1.1442
65.1,-1.2681,-1.0862,-0.6904
65.12,-1.6606,-1.0807,-0.983
65.14,-0.943,-1.7966,-1.4157
65.16,-1.0303,-1.1348,-1.696
65.18,-0.9281,-1.2939,-1.4464
65.2,-0.907,-0.8586,-1.853
65.22,-0.7918,-0.7144,-1.8188
65.24,-1.2811,0.1819,-2.3682
65.26,-0.4496,-0.07,-1.0749
65.28,-0.8143,1.0356,-1.9567
65.3,-0.509,1.0311,-1.6388
65.32,-0.1409,1.3116,-2.6063
65.34,0.2798,1.5529,-1.6855
65.36,0.6661,1.2739,-1.025
65.38,0.8897,0.8841,-0.706
65.4,1.3787,1.2843,-0.4522
65.42,1.8153,1.0387,1.0968
65.44,2.0478,0.8784,1.5426
65.46,2.167,0.6464,1.7397
65.48,1.7953,0.3484,3.1737
65.5,1.4883,0.2922,3.5949
65.52,0.9286,0.2322,2.8726
65.54,0.5111,-0.2787,2.8751
65.56,-0.0555,-0.7216,2.8879
65.58,-0.7828,-0.0268,1.8021
65.6,-0.7545,-0.0512,0.2895
65.62,-0.9179,-1.0471,-0.2076
65.64,-1.1055,-1.0518,-0.4904
65.66,-1.5871,-1.0727,-1.7378
65.68,-1.1869,-1.4328,-1.5678
65.7,-1.22,-1.0956,-2.2572
65.72,-1.0902,-1.4254,-1.8875
65.74,-1.0216,-0.8687,-1.7265
65.76,-0.7832,0.1618,-2.3561
65.78,-0.8351,0.2176,-1.5503
65.8,-0.887,0.6162,-1.471
65.82,-0.3762,0.7716,-2.1358
65.84,-0.1433,1.433,-1.9853
65.86,-0.1128,0.818,-1.8124
65.88,0.435,0.9658,-1.7259
65.9,0.7403,0.9911,-0.7663
65.92,1.7396,0.9562,-0.5709
65.94,2.3597,0.912,1.0137
65.96,2.1687,0.1459,1.9561
65.98,2.0397,0.4875,2.5978
66.0,1.7605,0.3517,2.5373
66.02,1.6856,0.0975,3.5818
66.04,1.4597,0.225,3.7209
66.06,0.5856,-0.0518,3.1835
66.08,0.3137,0.1429,2.9799
66.1,-0.5312,-0.4634,2.2132
66.12,-1.1443,-0.4574,1.2625
66.14,-1.1738,-0.8355,0.1932
66.16,-1.4953,-1.5336,-0.084
66.18,-1.6831,-1.2598,-0.9904
66.2,-1.1025,-1.307,-0.9804
66.22,-0.9092,-1.1909,-1.2625
66.24,-1.4755,-1.8632,-2.1312
66.26,-1.2587,-1.0102,-2.099
66.28,-1.2724,-0.3908,-1.4496
66.3,-0.8547,0.0307,-2.2575
66.32,-1.1104,0.6375,-1.9114
66.34,-0.6557,0.9169,-1.917
66.36,-0.5216,1.2472,-2.8675
66.38,-0.6189,0.9952,-2.7076
66.4,0.6541,1.0615,-2.4063
66.42,0.098,1.0999,-2.1585
66.44,1.3286,1.0683,-1.0433
66.46,1.4032,0.7029,0.097
66.48,2.1264,0.119,1.4381
66.5,1.7783,0.5732,1.4089
66.52,2.1577,-0.2991,2.7885
66.54,1.8704,0.32,3.3274
66.56,0.7635,0.2563,3.3601
66.58,0.5261,0.0363,3.5313
66.6,0.3457,0.1242,3.1034
66.62,-0.0036,0.1895,2.6737
66.64,-0.4861,-0.4562,1.9978
66.66,-1.2167,-0.5502,0.7626
66.68,-1.011,-0.9735,0.5966
66.7,-1.5542,-1.0322,-0.9497
66.72,-0.9423,-1.6883,-0.7635
66.74,-1.0946,-1.4679,-2.0353
66.76,-0.9346,-1.1231,-1.6636
66.78,-0.6223,-0.6869,-1.5226
66.8,-1.231,-0.5923,-1.434
66.82,-1.0182,-0.3917,-1.9079
66.84,-1.0212,0.6276,-1.9246
66.86,-0.7199,0.6258,-1.8014
66.88,-0.964,0.9962,-1.7355
66.9,-0.1723,1.3327,-1.7169
66.92,-0.4093,0.9645,-1.7145
66.94,0.4535,1.4244,-1.0321
66.96,1.4188,1.0599,-1.26
66.98,0.9671,0.8427,-0.9491
67.0,2.0648,0.7939,0.3982
67.02,1.9222,0.6211,1.8888
67.04,1.9777,-0.1166,2.6012
67.06,1.7648,0.2889,2.9573
67.08,1.5221,0.1877,3.1997
67.1,1.3502,0.6181,3.4469
67.12,0.4714,0.0117,3.8348
67.14,0.4533,-0.2665,2.6035
67.16,-0.1262,0.1693,2.3212
67.18,-0.6581,-0.1375,0.7466
67.2,-1.1902,-0.9185,0.1863
67.22,-1.0941,-0.9962,-0.1006
67.24,-0.9891,-1.7733,-1.5542
67.26,-0.9682,-1.5875,-1.0312
67.28,-1.1684,-1.1237,-1.7352
67.3,-1.1552,-1.3009,-1.1865
67.32,-1.4095,-0.519,-1.2162
67.34,-1.3297,0.1273,-2.3201
67.36,-1.4284,-0.0494,-1.9745
67.38,-0.73,0.4047,-2.1327
67.4,-1.0182,1.2996,-2.3155
67.42,-0.509,0.9471,-2.2877
67.44,-0.2093,1.2385,-1.765
67.46,-0.4401,1.0033,-1.9748
67.48,1.0696,0.8481,-1.7591
67.5,1.3507,0.9543,-0.4274
67.52,1.6314,0.7864,0.7166
67.54,2.2339,0.601,1.0317
67.56,2.6973,0.5917,2.0455
67.58,1.9297,0.5628,2.5992
67.6,1.9857,0.4045,3.7588
67.62,1.1543,0.1029,3.754
67.64,0.7532,-0.4071,3.0692
67.66,0.2605,0.1378,2.5321
67.68,-0.2571,-0.0178,2.4079
67.7,-1.443,-0.6067,1.344
67.72,-1.2399,-0.696,0.668
67.74,-1.5604,-0.7623,0.1685
67.76,-1.1091,-1.2846,-1.103
67.78,-1.1765,-1.4601,-1.3198
67.8,-1.514,-1.3432,-1.6182
67.82,-1.272,-0.716,-1.5665
67.84,-0.9673,-0.5727,-1.2534
67.86,-0.8149,-0.4945,-1.5836
67.88,-1.2717,-0.0539,-1.9772
67.9,-1.0773,0.4112,-2.2856
67.92,-0.8733,0.8504,-1.8465
67.94,-0.5172,1.2078,-1.3578
67.96,-0.5067,1.2699,-2.0238
67.98,0.007,1.1151,-2.5317
68.0,0.5394,0.984,-1.6017
68.02,1.281,1.2453,-0.6817
68.04,1.5628,0.5176,-0.3962
68.06,1.9869,0.3375,0.6035
68.08,1.6945,0.4767,1.6514
68.1,1.8043,0.3976,2.3236
68.12,2.0005,-0.0111,3.2054
68.14,1.3595,0.0468,3.6604
68.16,1.0454,0.2103,3.1912
68.18,0.8058,-0.1287,3.3753
68.2,-0.0048,-0.1295,2.125
68.22,-0.4212,-0.1227,1.1468
68.24,-1.11,-0.3859,1.1923
68.26,-1.275,-0.9984,-0.0326
68.28,-1.0044,-1.0807,-1.1748
68.3,-1.3895,-1.686,-1.6198
68.32,-1.433,-1.5125,-1.1153
68.34,-0.7779,-0.9683,-1.2642
68.36,-1.1646,-0.6559,-2.1063
68.38,-1.3095,-0.5185,-1.7022
68.4,-1.1015,0.0725,-2.2238
68.42,-1.0929,0.3302,-1.8704
68.44,-0.9809,0.5705,-2.7336
68.46,-0.8923,1.2641,-2.2403
68.48,-0.1124,1.1488,-2.2885
68.5,-0.2433,1.3443,-2.4656
68.52,0.3047,1.2701,-2.5422
68.54,0.7522,1.0015,-1.8742
68.56,1.3632,0.279,-0.7034
68.58,1.9081,1.0801,0.986
68.6,2.0763,0.3037,1.7502
68.62,1.6534,0.0987,1.8849
68.64,1.7354,-0.0079,2.9635
68.66,1.4059,-0.089,3.4049
68.68,0.9435,0.48,3.7767
68.7,0.592,0.0793,3.0343
68.72,0.2014,-0.3125,2.9441
68.74,-0.0281,-0.6418,2.2198
68.76,-0.6736,-0.0768,0.5648
68.78,-1.4908,-0.6116,0.7027
68.8,-1.3735,-1.4545,-0.7199
68.82,-1.0622,-1.7562,-0.2893
68.84,-1.3446,-1.5668,-1.5724
68.86,-1.2852,-1.144,-1.5246
68.88,-1.2522,-1.1998,-2.2712
68.9,-0.9688,-0.573,-1.5932
68.92,-0.8335,-0.6117,-1.4077
68.94,-1.1664,0.8887,-1.7388
68.96,-1.4117,0.7332,-2.2127
68.98,-0.9673,0.8575,-2.7173
69.0,-0.3701,1.5082,-1.8373
69.02,0.1895,1.3111,-1.798
69.04,-0.0314,1.2795,-1.9879
69.06,0.3256,1.2103,-1.6208
69.08,1.2661,1.0057,-0.9098
69.1,1.3414,0.8351,-0.5731
69.12,2.2102,0.6237,1.4661
69.14,2.1551,0.1007,1.97
69.16,2.3844,0.6345,3.3656
69.18,1.4086,-0.1012,3.7634
69.2,1.4278,-0.0798,3.4406
69.22,0.8227,-0.1564,3.3096
69.24,0.2746,0.0372,2.9458
69.26,0.126,-0.4062,2.7686
69.28,-0.4133,-0.3093,1.7878
69.3,-1.1429,-0.7472,1.0236
69.32,-1.1705,-0.734,0.3559
69.34,-0.7367,-1.2678,-0.2488
69.36,-1.0455,-1.2877,-1.2918
69.38,-1.3596,-1.7217,-2.2454
69.4,-1.4126,-1.2613,-1.3918
69.42,-1.1528,-1.1196,-1.3507
69.44,-1.3573,-0.0621,-1.8624
69.46,-1.0606,-0.225,-1.7662
69.48,-1.1336,0.2192,-2.0434
69.5,-1.3118,1.304,-2.6516
69.52,-1.0495,1.0348,-2.3668
69.54,-0.842,1.3967,-3.5812
69.56,-0.2497,1.3471,-2.4872
69.58,0.2539,1.1058,-1.8665
69.6,0.9984,1.1009,-0.5613
69.62,1.2663,0.5282,0.4034
69.64,2.0295,0.5097,0.424
69.66,1.9529,0.3547,1.3354
69.68,2.2862,-0.2303,2.867
69.7,1.6457,0.3299,3.0167
69.72,2.0173,0.3409,3.3703
69.74,0.8864,0.2222,3.7398
69.76,0.8125,-0.0989,3.3131
69.78,0.1337,-0.148,2.2075
69.8,-0.2449,-0.4005,2.2199
69.82,-1.0914,-0.8616,1.2237
69.84,-1.2432,-1.2904,0.304
69.86,-1.0674,-1.5725,-0.4103
69.88,-1.0154,-1.3819,-0.7113
69.9,-1.0192,-1.3882,-1.1152
69.92,-0.9118,-1.203,-1.0034
69.94,-1.4707,-0.8923,-1.7306
69.96,-1.2101,-0.3733,-1.1371
69.98,-1.0627,-0.2597,-1.3913
70.0,-1.5771,0.1123,-1.5986
70.02,-1.0092,0.6829,-2.7272
70.04,-0.9148,1.3688,-2.7347
70.06,-0.6114,1.345,-2.4584
70.08,-0.0821,1.1883,-2.595
70.1,0.4316,0.9598,-2.4034
70.12,0.96,0.8279,-1.7627
70.14,1.6177,0.7719,-0.982
70.16,1.7442,1.0547,-0.4134
70.18,2.0239,0.4437,1.3354
70.2,2.001,0.0384,1.8153
70.22,2.0913,-0.3133,2.7433
70.24,1.4954,-0.3149,2.9713
70.26,0.735,-0.1086,3.4506
70.28,0.5876,-0.3187,3.6562
70.3,-0.1389,-0.6524,3.0881
70.32,-0.307,-0.8342,2.4491
70.34,-0.3213,-0.7848,0.7222
70.36,-1.3162,-0.8069,0.3654
70.38,-1.4018,-1.0535,-0.7211
70.4,-1.2676,-1.4683,-0.1692
70.42,-1.0315,-1.4116,-0.8485
70.44,-0.9942,-1.0837,-1.3267
70.46,-1.1453,-0.4879,-1.7568
70.48,-1.0802,-0.9932,-0.9881
70.5,-1.2307,0.3513,-1.5242
70.52,-1.6822,0.5023,-1.4848
70.54,-1.5883,0.7156,-2.4927
70.56,-0.8827,1.0174,-2.5333
70.58,-0.788,0.8501,-3.4291
70.6,-0.3663,1.6089,-1.6821
70.62,0.3033,1.1756,-3.1147
70.64,0.5241,0.8107,-1.9509
70.66,1.2653,0.892,-0.5829
70.68,1.5897,0.7016,-0.4401
70.7,2.0251,0.5005,0.27
70.72,2.1485,0.5157,2.2897
70.74,1.9594,-0.0708,2.759
70.76,1.5291,0.3612,2.877
70.78,1.1313,-0.4804,3.5851
70.8,1.008,0.0117,3.732
70.82,0.0952,-0.507,2.9673
70.84,-0.0507,-0.3452,2.3789
70.86,-0.1248,-1.2491,1.3807
70.88,-0.853,-1.1164,1.6683
70.9,-1.2019,-1.4539,0.2992
70.92,-1.4464,-1.133,-0.6718
70.94,-1.2556,-1.2554,-0.9695
70.96,-1.2644,-1.1682,-1.0985
70.98,-0.966,-1.2466,-0.9566
71.0,-1.1535,-0.9521,-1.535
71.02,-0.9803,-0.0921,-1.1209
71.04,-1.1119,0.0269,-2.45
71.06,-1.3649,0.8359,-1.7902
71.08,-0.9894,0.9203,-1.9146
71.1,-0.4899,1.3988,-2.5839
71.12,-0.2066,0.8877,-2.6179
71.14,-0.051,1.3651,-2.7741
71.16,0.825,0.9955,-2.0374
71.18,0.9379,1.4237,-1.3636
71.2,1.5954,0.2909,-0.7954
71.22,1.8076,0.6489,1.0643
71.24,2.393,0.6744,1.366
71.26,2.1251,-0.2546,2.6758
71.28,2.1452,0.2507,2.7936
71.3,1.7496,-0.0728,3.5351
71.32,1.0236,-0.0658,2.9724
71.34,0.8031,-0.1345,3.4791
71.36,-0.194,-0.3121,2.5381
71.38,-0.1298,-0.1372,2.1564
71.4,-0.8825,-1.0067,0.9751
71.42,-1.1748,-1.1431,-0.0006
71.44,-1.3283,-1.4636,0.2655
71.46,-1.2398,-1.3694,0.3317
71.48,-1.1182,-1.1762,-1.1002
71.5,-0.8757,-0.6027,-0.9863
71.52,-0.8463,-0.3461,-0.8966
71.54,-1.2429,-0.1546,-1.377
71.56,-1.5685,-0.1306,-1.471
71.58,-1.2147,0.6884,-1.7617
71.6,-0.7009,1.2877,-2.246
71.62,-0.7022,1.2035,-2.3711
71.64,-0.6527,1.794,-2.2792
71.66,0.1371,1.3941,-3.2216
71.68,0.3601,1.2825,-2.6643
71.7,0.8934,1.0568,-1.434
71.72,1.6253,0.8914,-0.8486
71.74,1.4986,0.0122,0.1554
71.76,1.8228,0.883,1.3461
71.78,2.4921,0.4288,2.7415
71.8,1.9929,0.4215,2.6897
71.82,1.64,0.2041,4.1518
71.84,1.166,-0.0263,3.3225
71.86,0.8605,-0.1402,3.1669
71.88,0.2351,-0.4336,3.1046
71.9,-0.004,-0.9044,2.1375
71.92,-0.8039,-0.2744,1.9327
71.94,-0.8853,-1.1582,0.5654
71.96,-0.6586,-1.2702,0.334
71.98,-1.093,-1.3732,-0.4946
72.0,-0.814,-1.2792,-0.8515
72.02,-1.3493,-1.0502,-1.0223
72.04,-1.2608,-0.7579,-2.1302
72.06,-0.8896,-0.4054,-1.3148
72.08,-1.391,-0.0522,-1.5872
72.1,-1.1003,0.5013,-1.5041
72.12,-0.8054,0.5421,-1.9948
72.14,-0.535,1.1259,-2.7064
72.16,-0.4697,1.3775,-2.1587
72.18,-0.153,1.1846,-2.5204
72.2,0.6184,1.2649,-2.4306
72.22,0.6869,1.5071,-1.6676
72.24,0.7205,0.7483,-0.8809
72.26,1.8237,0.4699,-0.0979
72.28,1.9325,0.4489,1.603
72.3,2.2018,0.006,1.732
72.32,1.9013,0.0344,2.8612
72.34,1.875,0.1653,4.3118
72.36,1.063,-0.0348,4.0264
72.38,0.8609,-0.6365,2.8889
72.4,0.3198,-0.4944,2.9503
72.42,-0.5993,-0.1653,2.3053
72.44,-0.8079,-0.783,0.6406
72.46,-0.8722,-0.9368,0.9639
72.48,-1.2356,-1.4604,-0.938
72.5,-1.5456,-1.2453,-0.4559
72.52,-1.4187,-1.6963,-1.3804
72.54,-0.7387,-0.8077,-2.0357
72.56,-1.4762,-0.9124,-2.2271
72.58,-0.7594,-0.7004,-1.2263
72.6,-1.5342,-0.4655,-2.1363
72.62,-1.074,-0.1914,-2.5305
72.64,-0.9947,1.1209,-2.3103
72.66,-0.745,0.8999,-2.293
72.68,-0.4148,0.7247,-2.1059
72.7,-0.4481,1.5249,-2.4935
72.72,-0.0469,0.9492,-2.6479
72.74,0.7386,0.6846,-2.1443
72.76,0.8774,0.9329,-0.428
72.78,2.1117,0.6251,-0.0393
72.8,2.0914,0.4696,1.8223
72.82,2.1716,-0.1053,2.251
72.84,2.0511,0.2077,2.9572
72.86,1.2404,0.1346,3.2998
72.88,1.2301,-0.1403,3.5412
72.9,0.7503,-0.5608,3.7591
72.92,-0.0909,-0.1461,3.2476
72.94,-0.3011,-1.2604,2.8802
72.96,-0.4147,-0.873,1.3508
72.98,-1.3836,-1.205,-0.0171
73.0,-1.1627,-1.4194,0.1129
73.02,-1.0803,-1.0432,-0.8605
73.04,-1.2717,-1.4313,-1.4256
73.06,-1.3337,-0.8808,-2.033
73.08,-0.8703,-0.7121,-1.2764
73.1,-1.2936,-0.6338,-1.7666
73.12,-0.6278,-0.4941,-1.533
73.14,-1.4412,0.2315,-2.1525
73.16,-0.6269,0.8531,-1.7073
73.18,-0.7953,1.0347,-2.1733
73.2,-0.722,1.2272,-2.1927
73.22,-0.7351,1.6816,-2.8928
73.24,-0.115,1.1489,-2.9593
73.26,0.5769,1.308,-2.2405
73.28,0.969,1.262,-1.164
73.3,1.7394,0.6299,-0.5549
73.32,1.778,0.325,0.8682
73.34,2.4398,0.2484,1.2047
73.36,1.8122,0.4345,2.3932
73.38,2.002,0.2472,3.05
73.4,1.1085,0.1117,4.0342
73.42,0.8243,-0.4505,3.4083
73.44,0.2893,-0.3796,2.8668
73.46,0.2614,-0.2806,2.9353
73.48,-0.4034,-0.7423,1.7144
73.5,-1.0179,-0.7507,1.0247
73.52,-0.7146,-1.0794,-0.1445
73.54,-1.1325,-1.1704,-0.831
73.56,-1.0472,-1.6281,-1.0876
73.58,-1.3451,-1.1939,-1.3182
73.6,-1.0842,-1.262,-1.7875
73.62,-1.4839,-1.2238,-1.3056
73.64,-1.5706,-0.461,-1.3522
73.66,-1.2432,0.0162,-1.2166
73.68,-0.9182,0.3873,-2.4408
73.7,-1.1378,1.0752,-1.8597
73.72,-0.9256,1.2178,-1.9653
73.74,-0.4473,1.3816,-2.6563
73.76,-0.1267,1.1089,-2.3636
73.78,-0.1276,1.1994,-1.766
73.8,0.7898,1.1984,-1.7063
73.82,1.0355,0.8276,-1.0242
73.84,2.0242,0.8229,0.247
73.86,1.6117,0.1706,1.7916
73.88,2.3958,-0.039,2.5474
73.9,1.7437,0.2543,2.9875
73.92,1.3344,-0.3403,3.8356
73.94,0.9944,-0.1444,3.7913
73.96,0.4034,-0.415,4.353
73.98,0.0247,-0.3054,2.6502
74.0,-0.318,-0.3237,2.589
74.02,-0.2394,-0.7921,1.9122
74.04,-1.6157,-0.6074,0.6085
74.06,-1.0737,-0.7724,0.0076
74.08,-1.2432,-1.0962,-0.2843
74.1,-1.1402,-1.7248,-1.5693
74.12,-1.3375,-1.2955,-1.7592
74.14,-1.6949,-1.0498,-1.7758
74.16,-0.9811,-0.9485,-1.7227
74.18,-1.2087,0.2157,-1.2984
74.2,-1.066,0.8606,-2.0621
74.22,-1.1601,0.4861,-1.8064
74.24,-0.754,0.921,-1.6191
74.26,-0.0008,1.6355,-2.1042
74.28,-0.2877,1.4656,-2.9609
74.3,0.2093,1.1241,-1.7227
74.32,0.825,0.4354,-1.3416
74.34,1.3882,1.2175,-1.1799
74.36,1.7826,0.7394,0.0023
74.38,2.0147,0.5557,0.695
74.4,2.0605,0.0679,2.3547
74.42,1.783,-0.3742,2.8405
74.44,1.9405,-0.3111,3.5109
74.46,1.6186,-0.3732,3.6982
74.48,0.6877,-0.3207,3.8198
74.5,-0.005,-0.5408,2.9263
74.52,-0.26,-0.1512,2.9599
74.54,-0.6519,-0.5372,2.1566
74.56,-1.3862,-0.8181,1.0751
74.58,-1.2383,-0.9836,0.1566
74.6,-1.4339,-1.2301,-1.2387
74.62,-1.2204,-1.2654,-1.3057
74.64,-1.7565,-0.9097,-1.0457
74.66,-0.6294,-1.2148,-1.7243
74.68,-1.0514,-0.5438,-1.6806
74.7,-1.1261,0.0042,-1.7325
74.72,-0.658,0.1726,-1.3327
74.74,-0.8455,0.2242,-1.5577
74.76,-0.8064,1.2114,-2.0933
74.78,-0.6624,1.2835,-2.6616
74.8,-0.5212,1.3827,-2.368
74.82,0.7102,1.1295,-2.0999
74.84,0.3209,0.7353,-2.0549
74.86,1.7561,0.5998,-0.6566
74.88,1.8871,0.7088,-0.1716
74.9,1.8521,0.5628,1.337
74.92,2.0684,0.18,1.8293
74.94,2.1243,0.4923,2.9018
74.96,2.0177,0.4136,3.2329
74.98,1.1936,-0.3846,4.0331
75.0,0.7091,-0.5068,2.6314
75.02,0.0069,-0.2445,3.6814
75.04,-0.3618,-0.3001,2.0037
75.06,-0.7502,-0.2825,2.1757
75.08,-0.861,-1.3268,0.5061
75.1,-1.4045,-0.9332,-0.8939
75.12,-0.9155,-1.418,-0.4731
75.14,-1.2074,-1.2948,-0.9141
75.16,-1.236,-1.1987,-1.6923
75.18,-1.4285,-0.9421,-1.4838
75.2,-0.9311,-0.8787,-2.0848
75.22,-1.344,-0.5878,-1.7398
75.24,-1.0749,0.0078,-1.9007
75.26,-1.1154,0.7018,-2.5338
75.28,-0.7958,0.7506,-2.1449
75.3,-0.5436,0.9695,-2.714
75.32,-0.1747,1.2656,-2.5721
75.34,0.4167,1.2579,-2.0136
75.36,0.3943,1.2886,-1.6853
75.38,1.1016,0.7531,-0.9291
75.4,1.5047,0.4877,-0.2825
75.42,1.7884,0.2733,0.7626
75.44,1.8719,0.1904,1.3578
75.46,1.9285,0.0294,2.1149
75.48,2.003,-0.1419,3.3323
75.5,1.6595,-0.0026,3.4389
75.52,1.2112,-0.0417,3.6572
75.54,0.6446,-0.1918,3.9033
75.56,-0.0285,-0.1741,2.9659
75.58,0.003,0.0301,1.7522
75.6,-1.0325,-0.7584,1.9289
75.62,-1.2564,-1.1265,0.0997
75.64,-1.0171,-0.9787,-0.6138
75.66,-1.1378,-0.9376,-0.9691
75.68,-1.0878,-1.0672,-0.8193
75.7,-1.4996,-1.3755,-2.2643
75.72,-1.3338,-0.5655,-2.4402
75.74,-1.1992,-0.2151,-1.4345
75.76,-1.3154,-0.1257,-1.8677
75.78,-1.1936,0.6743,-1.6914
75.8,-1.084,0.7785,-1.4966
75.82,-0.1925,1.3125,-2.1442
75.84,-0.6698,1.5187,-2.2283
75.86,-0.327,1.2456,-2.3477
75.88,0.237,1.5171,-2.1063
75.9,0.9065,0.9716,-0.855
75.92,1.1684,1.0387,-0.9371
75.94,1.6329,0.2713,-0.2717
75.96,2.0506,0.23,1.7666
75.98,1.7611,-0.0788,2.7436
76.0,1.8875,0.2942,2.7132
76.02,1.6888,-0.0826,3.8518
76.04,1.123,-0.2608,3.5716
76.06,1.0492,-0.1349,3.6576
76.08,0.0161,-0.7133,3.0656
76.1,-0.7544,-0.3059,2.4142
76.12,-0.6522,-0.6506,0.832
76.14,-1.2928,-1.2558,0.2462
76.16,-1.3154,-1.1996,-0.1888
76.18,-1.0834,-0.9058,-0.682
76.2,-1.073,-0.9377,-1.2622
76.22,-1.1447,-1.5042,-1.6276
76.24,-1.185,-1.1482,-1.0225
76.26,-0.9015,-0.9348,-1.5592
76.28,-1.3111,-0.1353,-2.1897
76.3,-0.9066,0.3742,-1.7158
76.32,-0.8694,0.8515,-2.071
76.34,-0.6119,1.338,-2.2991
76.36,-0.8258,1.3365,-2.1739
76.38,-0.0619,1.4017,-1.9596
76.4,0.0753,1.6423,-1.7399
76.42,0.4421,0.4617,-1.8219
76.44,1.1964,1.0107,-0.7436
76.46,1.59,1.1288,0.2934
76.48,2.3121,0.7061,0.6806
76.5,2.1365,-0.3666,1.3704
76.52,2.282,0.2517,2.6898
76.54,2.2915,-0.1678,3.7642
76.56,0.7588,-0.5268,3.0959
76.58,1.1621,-0.0156,2.9947
76.6,0.1654,-0.2916,2.898
76.62,0.1368,-0.6522,2.6885
76.64,-0.9663,-0.8209,1.2836
76.66,-1.1323,-0.5925,0.887
76.68,-1.275,-1.0961,0.4207
76.7,-0.8886,-1.2267,-0.9542
76.72,-1.3732,-1.0558,-1.7363
76.74,-1.2934,-1.5102,-1.379
76.76,-1.1787,-1.2019,-1.798
76.78,-0.9675,-0.3468,-1.6055
76.8,-1.2791,-0.4122,-2.5705
76.82,-1.0106,0.6244,-1.8411
76.84,-0.7244,0.3269,-2.1471
76.86,-0.7283,0.6761,-1.9036
76.88,-0.6662,1.1636,-1.9445
76.9,-0.2145,1.4476,-2.17
76.92,0.24,1.8069,-2.2813
76.94,0.7843,1.1275,-1.4127
76.96,0.9325,0.6229,-2.111
76.98,1.4887,0.9762,-0.3366
77.0,1.7541,0.8384,0.5619
77.02,1.8301,0.5376,1.8069
77.04,1.7513,0.0627,2.6529
77.06,1.7964,-0.3044,3.3244
77.08,1.8502,-0.2663,3.407
77.1,0.7807,-0.1134,3.0789
77.12,0.457,-0.3952,3.8557
77.14,0.3269,-0.1814,2.7774
77.16,-0.5205,-0.4993,2.0645
77.18,-1.1309,-0.74,1.1122
77.2,-1.0364,-0.9333,0.0292
77.22,-1.3818,-1.4741,-0.6849
77.24,-1.3145,-0.9573,-0.7381
77.26,-1.2005,-1.3666,-1.9742
77.28,-0.8279,-1.1375,-1.7202
77.3,-1.0263,-0.8704,-1.6478
77.32,-0.6984,-0.2009,-1.9466
77.34,-1.5434,0.3285,-2.0492
77.36,-0.6641,0.674,-2.0594
77.38,-1.08,0.9396,-1.9665
77.4,-0.6235,0.9279,-2.7261
77.42,-0.6199,1.107,-1.9255
77.44,-0.5157,1.3189,-2.0604
77.46,0.4595,1.164,-1.9275
77.48,1.1039,1.5226,-1.5942
77.5,0.9063,1.5045,-0.5401
77.52,1.6236,-0.1659,-0.3442
77.54,1.8385,-0.0584,1.3241
77.56,1.9764,0.3023,2.6863
77.58,1.9367,-0.1179,2.6085
77.6,1.7346,0.1734,3.0872
77.62,1.039,0.0825,3.6375
77.64,0.9951,-0.4756,3.5028
77.66,0.4314,-0.3873,2.9027
77.68,-0.1104,-0.7198,1.7318
77.7,-0.7749,-0.754,0.8954
77.72,-0.9493,-0.8271,0.2241
77.74,-1.0066,-0.7248,-0.4868
77.76,-0.9735,-1.0275,-0.5203
77.78,-0.8622,-1.5714,-1.7701
77.8,-1.3242,-1.7101,-1.7174
77.82,-0.9432,-0.7278,-1.8472
77.84,-1.0262,-0.1455,-1.4623
77.86,-0.7166,0.5124,-1.8857
77.88,-0.7781,0.6291,-1.6964
77.9,-1.0202,0.1454,-1.9447
77.92,-0.7412,0.8449,-2.2838
77.94,-0.3715,1.2325,-1.4664
77.96,-0.1104,1.4737,-2.3835
77.98,0.039,1.6893,-2.5215
78.0,0.8919,0.9127,-1.3509
78.02,1.2117,1.0409,-1.2368
78.04,2.4513,0.2895,-0.57
78.06,2.1353,0.3389,0.6685
78.08,1.9945,0.0205,1.9132
78.1,1.985,0.7088,3.3409
78.12,1.6072,-0.2368,3.3856
78.14,1.7219,-0.2879,3.2854
78.16,0.295,-0.2834,3.4624
78.18,0.3324,-0.3475,3.3888
78.2,-0.2811,-0.1844,2.0802
78.22,-0.9241,-0.835,1.2253
78.24,-1.1048,-0.6226,0.3098
78.26,-0.951,-1.1711,-0.5654
78.28,-1.1533,-1.0622,-0.2194
78.3,-1.6795,-1.0253,-1.8165
78.32,-1.5402,-1.4462,-1.4125
78.34,-1.3771,-0.7107,-2.0078
78.36,-1.0046,-0.769,-2.3484
78.38,-0.7183,-0.2661,-1.4922
78.4,-0.8231,0.5625,-1.9443
78.42,-1.243,0.4823,-1.3104
78.44,-0.8192,0.7685,-2.0209
78.46,-0.6876,1.3864,-2.5954
78.48,-0.0065,1.6244,-1.8068
78.5,0.5429,1.481,-2.7164
78.52,0.8125,0.8651,-2.1749
78.54,0.9151,0.9093,-1.617
78.56,1.9393,0.5763,-0.0457
78.58,1.6589,0.2537,0.5363
78.6,2.6229,0.2194,1.2072
78.62,1.6612,0.0666,1.8359
78.64,1.5429,0.0045,3.4313
78.66,1.379,-0.1835,3.438
78.68,0.5039,-0.1716,4.3783
78.7,0.0388,-0.2915,3.308
78.72,-0.4105,-0.6035,3.3221
78.74,-1.0192,-0.3883,1.918
78.76,-1.074,-1.1045,0.5274
78.78,-1.7333,-0.5237,0.1699
78.8,-1.294,-0.7527,-0.3819
78.82,-1.1766,-0.8405,-0.4674
78.84,-1.1148,-0.7335,-1.72
78.86,-0.6207,-1.1267,-1.1906
78.88,-0.8968,-0.7943,-1.2868
78.9,-0.9708,-0.8665,-1.5995
78.92,-0.8272,0.2988,-1.7328
78.94,-0.9606,0.5542,-1.7644
78.96,-0.8419,0.9598,-1.8922
78.98,-0.5222,1.1868,-2.4313
79.0,-0.5957,1.2041,-2.1621
79.02,0.1038,1.743,-2.2672
79.04,0.4057,1.3837,-2.1861
79.06,1.4639,0.9442,-2.4631
79.08,1.324,0.5788,-0.86
79.1,2.1777,0.1546,0.5364
79.12,2.2549,-0.0809,1.656
79.14,2.3712,0.233,2.5086
79.16,1.4991,-0.1087,2.7599
79.18,1.3587,0.1564,2.7273
79.2,1.0737,-0.1307,3.5844
79.22,0.6414,-0.44,3.3654
79.24,0.1655,-0.7224,3.4116
79.26,-0.3316,-0.5175,2.2731
79.28,-1.0939,-0.3756,1.0909
79.3,-1.4297,-0.7177,0.7222
79.32,-1.1018,-1.0514,-0.227
79.34,-1.7168,-0.8908,-0.039
79.36,-0.883,-1.0332,-1.3704
79.38,-1.2835,-0.7114,-1.0467
79.4,-0.6327,-0.9399,-1.9767
79.42,-0.6186,-0.3628,-1.62
79.44,-0.7448,-0.1782,-2.4093
79.46,-0.9432,0.6426,-2.1417
79.48,-0.6507,0.918,-2.6869
79.5,-0.6012,1.0043,-2.3686
79.52,-0.4691,1.4693,-2.6117
79.54,-0.4298,1.3551,-2.6402
79.56,0.6183,1.6916,-1.9246
79.58,0.922,0.802,-2.4388
79.6,0.9605,0.9006,-1.1915
79.62,1.4533,0.6707,-0.3026
79.64,2.0541,0.5748,0.9654
79.66,2.0584,0.4196,1.3606
79.68,2.2204,-0.1673,2.732
79.7,1.7732,0.2531,3.0705
79.72,1.3601,-0.0807,3.9882
79.74,0.3064,-0.4433,3.2641
79.76,-0.3904,-0.3782,3.4859
79.78,-0.2745,-0.4246,2.6995
79.8,-0.9109,-0.2067,1.5011
79.82,-1.1366,-1.2728,0.5253
79.84,-1.5998,-0.966,-0.0418
79.86,-1.1436,-0.7223,-0.1319
79.88,-1.1608,-1.5368,-0.777
79.9,-1.257,-1.285,-1.3966
79.92,-0.5972,-1.268,-1.5593
79.94,-0.6094,-0.6065,-1.6069
79.96,-1.111,-0.103,-1.1963
79.98,-1.0489,0.0964,-1.6542
80.0,-1.1087,0.9066,-2.4731
80.02,-0.7485,1.3122,-1.5463
80.04,-0.2601,1.5799,-2.6544
80.06,-0.2756,1.5448,-2.7008
80.08,0.1188,1.0431,-2.7683
80.1,0.4404,1.1964,-2.2265
80.12,0.5657,1.0059,-0.8932
80.14,1.8094,0.5282,-0.7687
80.16,1.6873,0.6167,0.4356
80.18,2.0594,0.278,1.0677
80.2,1.74,-0.4399,2.0906
80.22,1.9052,-0.0614,2.4781
80.24,0.8412,-0.6671,3.4553
80.26,0.8589,0.0275,3.3996
80.28,0.2833,-0.142,2.7909
80.3,-0.1074,-0.6181,2.911
80.32,-0.514,-0.68,2.4036
80.34,-0.9477,-0.9007,1.4078
80.36,-1.2552,-1.1019,0.2825
80.38,-1.0264,-0.9593,-0.2733
80.4,-1.5459,-1.1546,-0.4524
80.42,-1.1873,-1.3547,-0.501
80.44,-0.7408,-1.0766,-1.0611
80.46,-1.3625,-1.1313,-1.3062
80.48,-1.0831,-0.1983,-1.2722
80.5,-1.1381,-0.2173,-1.4226
80.52,-0.7422,0.8353,-1.96
80.54,-0.9895,1.4034,-2.1149
80.56,-0.1469,1.0824,-2.9289
80.58,-0.106,1.5952,-2.4332
80.6,0.1457,0.9308,-2.6792
80.62,0.2782,1.4345,-3.0771
80.64,0.374,0.5759,-1.9643
80.66,1.6683,0.7521,-1.4519
80.68,1.2525,0.4728,-0.3118
80.7,2.3579,0.5812,0.6234
80.72,1.9897,-0.212,1.8098
80.74,2.0658,0.0404,2.9756
80.76,2.4926,0.1003,3.4621
80.78,1.4222,-0.1802,3.4587
80.8,0.5458,-0.1265,3.8323
80.82,-0.0339,-1.196,2.9626
80.84,-0.6366,-0.6053,3.105
80.86,-1.0559,-0.5741,1.6849
80.88,-1.6875,-1.3641,1.3227
80.9,-1.1657,-0.9759,0.6454
80.92,-1.272,-1.0402,0.0896
80.94,-1.5364,-1.228,-0.3719
80.96,-1.328,-0.9095,-0.5472
80.98,-0.7464,-1.1539,-0.6943
81.0,-0.621,-0.7307,-1.1594
81.02,-1.2169,-0.0712,-2.4604
81.04,-0.9918,0.6596,-1.0938
81.06,-0.0544,1.1362,-1.4866
81.08,-0.5262,1.2168,-2.075
81.1,-0.1868,1.3484,-2.5579
81.12,-0.163,1.0157,-3.1614
81.14,0.4923,1.2024,-2.9421
81.16,1.0352,0.9977,-2.0909
81.18,1.1505,0.7936,-2.047
81.2,1.7048,0.5909,-1.0187
81.22,1.8156,0.3059,-0.376
81.24,1.9039,0.0738,0.4527
81.26,1.6488,0.1224,1.4888
81.28,1.4103,-0.0061,2.3872
81.3,1.293,-0.1829,3.1428
81.32,0.7569,-0.4283,3.8992
81.34,-0.0058,-0.068,3.4735
81.36,-0.4234,-0.314,3.0182
81.38,-0.995,-0.6997,1.9236
81.4,-0.9339,-0.4483,0.9665
81.42,-1.6581,-1.0753,0.0874
81.44,-1.1979,-0.9316,0.1107
81.46,-1.2527,-1.5624,-0.3983
81.48,-1.1842,-0.9429,-0.255
81.5,-1.3996,-0.9505,-1.0403
81.52,-1.3818,-0.5685,-1.1625
81.54,-1.1999,0.062,-0.7669
81.56,-0.8006,-0.2612,-1.3434
81.58,-1.1985,0.4255,-1.5196
81.6,-0.5191,0.9422,-2.4849
81.62,-0.6989,1.4274,-2.97
81.64,-0.2013,1.6289,-2.8043
81.66,-0.2127,1.7841,-3.1018
81.68,0.5758,0.8919,-2.6539
81.7,1.2993,1.1071,-2.407
81.72,1.5467,0.6718,-1.3653
81.74,2.1899,0.2363,-0.3506
81.76,2.0356,0.4202,0.7647
81.78,2.1195,-0.0011,1.3635
81.8,1.5758,-0.2991,2.8648
81.82,1.1408,-0.1525,3.5621
81.84,1.0068,-0.434,3.306
81.86,-0.2112,-0.0545,3.699
81.88,-0.1014,-0.966,3.0764
81.9,-0.1936,-0.3633,1.9895
81.92,-0.8301,-1.0064,1.402
81.94,-0.9815,-1.4339,1.2175
81.96,-1.0506,-1.1743,0.1852
81.98,-1.0068,-1.2764,-0.1976
82.0,-1.2804,-1.2777,-0.6627
82.02,-0.8723,-0.9056,-0.3265
82.04,-0.9672,-0.7973,-0.9839
82.06,-0.9702,-0.3953,-0.9342
82.08,-0.9903,0.1314,-1.7016
82.1,-0.4131,0.1322,-1.69
82.12,-1.0726,0.9579,-2.0883
82.14,-0.3442,1.1067,-2.6341
82.16,-0.3664,1.2436,-2.5776
82.18,0.1765,1.2454,-2.8425
82.2,0.606,1.1772,-3.2622
82.22,1.3311,1.2783,-2.2406
82.24,1.5955,0.6235,-1.6899
82.26,2.1681,0.3038,-0.0911
82.28,1.8974,0.3368,0.3527
82.3,2.0004,0.2274,2.0359
82.32,1.4588,0.4699,1.7082
82.34,1.2553,-0.3539,2.3761
82.36,0.6029,0.3867,4.099
82.38,0.1691,-0.5478,3.434
82.4,-0.3109,-0.4878,3.8039
82.42,-0.5148,-0.2761,2.814
82.44,-0.9393,-0.9408,1.9662
82.46,-1.2634,-1.1912,1.0622
82.48,-0.9977,-1.0015,-0.0028
82.5,-1.5066,-1.5655,0.4074
82.52,-1.5524,-1.532,0.4896
82.54,-0.8611,-0.589,-0.3047
82.56,-0.8015,-1.0134,-1.0513
82.58,-0.9658,-0.5903,-0.9009
82.6,-0.906,-0.4382,-1.2558
82.62,-1.29,0.2965,-1.5237
82.64,-0.6299,0.5689,-2.2159
82.66,-0.5666,1.7455,-2.7914
82.68,-0.5958,1.2213,-2.9339
82.7,0.1561,1.5316,-3.5993
82.72,0.8486,1.2649,-3.351
82.74,1.0435,0.9916,-2.5523
82.76,1.6291,0.8823,-2.4263
82.78,1.9507,0.5392,-0.7666
82.8,2.2819,0.3071,-0.2265
82.82,2.4572,0.2809,0.9612
82.84,1.7863,-0.1496,1.8521
82.86,1.5213,-0.2048,2.6542
82.88,1.1278,-0.2762,2.8138
82.9,0.6185,-0.1486,3.6961
82.92,0.1989,-0.5582,3.1491
82.94,-0.5897,-0.4857,3.1299
82.96,-0.8264,-0.7209,1.576
82.98,-1.4197,-0.9092,1.3786
83.0,-1.1648,-0.6365,1.0801
83.02,-0.7665,-0.9757,0.597
83.04,-1.2142,-1.2397,0.1838
83.06,-1.6298,-1.1126,-0.3698
83.08,-0.5861,-0.6962,-0.5705
83.1,-0.8352,-0.7316,-0.925
83.12,-0.8597,-0.0558,-1.0968
83.14,-0.8505,0.6734,-1.6992
83.16,-0.8826,0.552,-1.7745
83.18,-0.5644,1.0358,-2.1751
83.2,-0.357,1.8842,-2.6943
83.22,0.0475,1.5617,-2.9431
83.24,0.4977,1.2119,-2.4076
83.26,1.0869,1.1372,-2.6167
83.28,1.3881,1.1303,-1.8253
83.3,1.9151,0.6683,-1.1588
83.32,2.2255,-0.2359,-0.2295
83.34,1.8157,-0.0094,0.8505
83.36,1.9648,-0.3521,2.4153
83.38,1.4005,0.0957,2.5983
83.4,1.1053,-0.2644,2.9423
83.42,0.9341,-0.1894,3.5569
83.44,0.0098,-0.5343,3.8328
83.46,-0.8073,-0.602,3.2446
83.48,-0.4871,-0.6608,2.4898
83.5,-1.1139,-1.2288,1.1347
83.52,-1.4963,-0.7212,0.7417
83.54,-1.0977,-1.1724,0.2478
83.56,-1.2142,-1.0168,0.0926
83.58,-1.79,-1.184,-0.2731
83.6,-1.2384,-1.2626,-0.5371
83.62,-0.9416,-0.9626,-1.3033
83.64,-1.2098,-0.3533,-1.0687
83.66,-0.7839,0.5771,-0.9558
83.68,-1.1357,0.4855,-2.4747
83.7,-0.5786,0.5399,-1.8588
83.72,-0.0132,1.0797,-2.3892
83.74,0.0132,0.8778,-3.0488
83.76,-0.2023,1.2215,-3.3186
83.78,0.5003,1.2958,-2.8587
83.8,0.7518,1.0129,-2.2077
83.82,1.1521,0.8744,-1.4522
83.84,2.0889,0.4928,-0.7072
83.86,1.8864,-0.1572,-0.2054
83.88,2.103,-0.013,1.21
83.9,2.0009,-0.3364,2.0199
83.92,1.7406,-0.161,3.9412
83.94,0.8477,-0.2523,3.514
83.96,0.7357,-0.4818,3.2024
83.98,-0.4686,-0.2701,3.1427
84.0,-0.2145,-0.4578,2.5146
84.02,-0.902,-0.8354,1.7984
84.04,-1.0704,-1.015,1.2285
84.06,-1.0813,-0.9681,0.4547
84.08,-1.4799,-1.3558,0.0476
84.1,-1.3596,-1.1678,-0.0755
84.12,-1.2311,-1.3541,-0.3825
84.14,-0.6906,-0.6467,-0.9072
84.16,-1.046,-0.2917,-1.5479
84.18,-1.0791,0.3842,-1.2768
84.2,-0.959,0.8905,-1.8388
84.22,-0.781,1.0826,-2.0236
84.24,-0.8801,1.4394,-2.6638
84.26,-0.4687,1.7116,-2.289
84.28,0.1756,1.1921,-3.3533
84.3,0.6208,0.9267,-2.4001
84.32,0.8406,1.3074,-1.8246
84.34,1.084,0.7019,-2.4053
84.36,1.875,0.039,-1.1063
84.38,1.7317,0.3675,-0.1943
84.4,1.9331,-0.0272,1.1333
84.42,1.7708,-0.6064,2.2926
84.44,1.5513,-0.4299,3.0668
84.46,0.8911,-0.142,2.7224
84.48,0.6812,-0.1644,3.3347
84.5,0.2746,-0.65,3.0674
84.52,-0.6638,-0.6584,2.6287
84.54,-1.2096,-0.2793,2.2587
84.56,-0.923,-0.7722,1.0267
84.58,-1.0317,-1.4828,0.5181
84.6,-1.2375,-1.2197,0.6461
84.62,-1.3618,-1.1668,-0.5148
84.64,-1.1941,-1.0626,-0.5
84.66,-0.9234,-0.6345,-0.836
84.68,-0.5113,-0.4796,-1.614
84.7,-1.116,-0.1166,-1.4505
84.72,-0.9039,0.402,-1.2815
84.74,-1.0532,0.92,-1.9408
84.76,-0.3444,1.0501,-1.7004
84.78,-0.1952,1.4665,-2.6382
84.8,0.3331,1.0039,-3.2866
84.82,0.4482,1.6815,-3.0778
84.84,0.5762,1.2773,-2.7077
84.86,1.1637,0.892,-2.0328
84.88,2.0203,0.3892,-0.8101
84.9,2.5572,0.3829,-0.0438
84.92,1.7409,-0.2172,0.6225
84.94,1.6754,-0.4367,1.8911
84.96,1.8765,-0.0067,2.909
84.98,1.6099,-0.1654,2.703
85.0,0.7233,-0.0965,2.7631
85.02,-0.0809,-0.6846,3.7009
85.04,-0.2622,-0.4217,3.4387
85.06,-1.2434,-0.2992,2.1363
85.08,-1.253,-0.5028,1.8346
85.1,-1.3324,-1.1171,0.7531
85.12,-1.5202,-1.4741,0.7593
85.14,-1.218,-1.491,0.7239
85.16,-1.0555,-1.1307,0.7838
85.18,-0.9344,-0.7609,0.1293
85.2,-1.3215,-0.723,-0.1247
85.22,-1.2351,-0.1206,-1.2433
85.24,-1.2195,0.0879,-0.8994
85.26,-1.1614,0.6635,-1.3578
85.28,-0.6643,1.1795,-2.0638
85.3,0.0583,1.4958,-3.4464
85.32,-0.0293,1.6147,-3.0458
85.34,0.3109,1.1599,-2.8516
85.36,0.8482,1.6447,-2.8953
85.38,1.0989,0.9737,-1.9698
85.4,1.5103,0.8661,-1.6422
85.42,1.7481,0.3759,-0.7963
85.44,2.1054,-0.3709,-0.1626
85.46,1.8431,-0.4291,1.0007
85.48,1.6554,-0.3213,2.3331
85.5,1.4852,-0.3424,3.804
85.52,0.8664,-0.8849,3.2023
85.54,0.4161,-0.5004,3.0711
85.56,0.1666,-0.7126,3.224
85.58,-0.7687,-0.4353,2.1781
85.6,-1.1072,-0.8448,1.9263
85.62,-0.9557,-1.4645,1.768
85.64,-1.1759,-0.8059,0.1642
85.66,-0.9599,-1.0286,0.4194
85.68,-1.4877,-1.0864,-0.1699
85.7,-0.7728,-1.2197,-0.1616
85.72,-1.3906,-1.0355,-0.9752
85.74,-0.9661,-0.1116,-0.488
85.76,-1.2743,-0.1164,-1.1985
85.78,-0.6001,0.7744,-0.8364
85.8,-0.606,1.0599,-1.8154
85.82,-0.467,1.2047,-1.7229
85.84,-0.5626,1.2643,-3.2763
85.86,-0.0895,1.5966,-3.0754
85.88,0.3126,1.2715,-2.9154
85.9,0.7459,0.7925,-2.9864
85.92,1.675,1.0216,-2.2523
85.94,1.843,0.6032,-0.9795
85.96,2.3375,0.4932,-0.7506
85.98,2.3041,0.115,0.7579
86.0,1.8862,-0.4635,1.9488
86.02,1.6424,-0.1979,2.5761
86.04,1.2954,-0.4966,2.7679
86.06,0.3983,-0.3612,3.4104
86.08,-0.3833,-0.755,2.6627
86.1,-0.31,-0.628,2.7841
86.12,-0.9958,-0.7957,2.4428
86.14,-1.3526,-0.9,2.3891
86.16,-1.3931,-0.817,0.6592
86.18,-1.2031,-0.7827,0.2075
86.2,-1.4762,-0.9912,0.5304
86.22,-1.064,-1.2132,-0.1015
86.24,-0.7741,-0.897,-0.3345
86.26,-0.6211,-0.3235,-0.5399
86.28,-1.0,-0.275,-1.2539
86.3,-0.8296,0.3763,-0.9973
86.32,-0.5842,0.9605,-2.0309
86.34,-0.4287,1.0343,-2.6225
86.36,-0.4463,1.2928,-2.8402
86.38,-0.308,1.4641,-3.2173
86.4,0.1166,1.6142,-3.4893
86.42,1.1845,1.3998,-3.1508
86.44,1.814,0.5468,-2.2892
86.46,1.6991,0.2979,-2.0849
86.48,1.6461,-0.0072,-1.1888
86.5,2.0578,0.3083,0.2467
86.52,2.4901,-0.2563,1.2378
86.54,1.8121,-0.3081,2.6378
86.56,1.2471,-0.7928,3.6644
86.58,0.1026,-0.2576,3.1871
86.6,0.1367,-0.1636,3.6113
86.62,-0.5221,-0.2079,2.8798
86.64,-1.1445,-0.6812,2.3959
86.66,-1.4859,-0.7455,1.4244
86.68,-1.1935,-0.7593,1.6844
86.7,-1.2258,-0.983,0.8083
86.72,-1.1403,-0.9993,0.3559
86.74,-1.5196,-1.1653,-0.1105
86.76,-0.8749,-1.1991,0.3868
86.78,-1.1537,-0.1961,0.3975
86.8,-0.7501,-0.1913,-1.4827
86.82,-0.4127,0.1613,-0.4992
86.84,-1.0287,0.9168,-1.7191
86.86,-0.5341,0.7858,-1.8302
86.88,-1.0773,1.3644,-2.6905
86.9,0.179,1.5297,-2.7959
86.92,0.3752,1.4185,-2.9354
86.94,1.0032,1.1004,-2.3668
86.96,1.2252,0.8096,-2.4296
86.98,1.315,0.1401,-1.9021
87.0,1.884,0.6279,-0.9098
87.02,2.4438,0.3071,0.0082
87.04,2.0152,-0.234,0.8458
87.06,1.6907,0.2184,1.33
87.08,1.2435,-0.376,3.1349
87.1,0.9504,-0.4608,3.5247
87.12,0.1746,-0.7279,3.7686
87.14,-0.4757,-0.7091,3.5068
87.16,-0.4547,-0.4634,2.847
87.18,-1.4191,-0.7728,1.9021
87.2,-1.383,-1.3065,1.0661
87.22,-1.5093,-0.9095,1.027
87.24,-2.0479,-1.126,0.5786
87.26,-1.3409,-1.4008,-0.0707
87.28,-1.3109,-1.2676,0.0859
87.3,-1.135,-0.6113,-0.1823
87.32,-1.0641,-0.2611,-0.8644
87.34,-1.6186,0.1098,-1.2425
87.36,-0.8048,0.4824,-2.0558
87.38,-0.639,0.8992,-2.1976
87.4,-0.8477,0.8271,-1.7792
87.42,-0.1322,1.2907,-2.266
87.44,0.0128,1.2995,-2.6803
87.46,0.8354,1.0946,-2.3225
87.48,1.2982,1.0864,-2.5907
87.5,1.5828,0.7707,-2.2194
87.52,1.7459,0.4769,-0.8872
87.54,2.4029,0.0093,-0.2396
87.56,1.8024,-0.0312,1.238
87.58,1.9361,-0.1887,1.8316
87.6,1.0681,-0.1033,2.6608
87.62,0.3529,-0.3283,3.2249
87.64,0.5048,-0.2714,4.0227
87.66,-0.1771,-0.2786,2.6952
87.68,-0.6251,-0.7034,2.3527
87.7,-1.0506,-0.6912,2.0398
87.72,-1.8201,-1.1883,1.2275
87.74,-0.9517,-0.9286,0.0472
87.76,-1.227,-0.9727,0.881
87.78,-1.5395,-1.4154,-0.1245
87.8,-0.8863,-1.1295,0.2214
87.82,-1.453,-0.7872,-0.7022
87.84,-1.0007,-0.6867,-1.2486
87.86,-1.0347,-0.0356,-1.5047
87.88,-0.9929,0.5804,-2.0772
87.9,-1.0231,0.4456,-1.0596
87.92,-0.7826,1.1148,-1.9175
87.94,-0.132,1.0932,-3.5546
87.96,0.3641,1.9482,-2.7079
87.98,0.4308,1.1885,-3.0938
88.0,1.0097,0.8229,-2.0639
88.02,1.0503,0.6997,-2.1908
88.04,1.4264,0.152,-0.9813
88.06,2.0331,0.033,-0.1581
88.08,1.9452,0.2038,0.793
88.1,2.1488,-0.1292,2.0036
88.12,2.0336,-0.1627,2.3303
88.14,1.2847,-0.6187,4.0252
88.16,0.4138,-0.2504,3.2937
88.18,-0.175,-0.5243,3.1693
88.2,-0.9079,-0.8527,2.7361
88.22,-1.0501,-0.7815,2.3532
88.24,-1.104,-0.8432,1.7352
88.26,-1.5587,-1.2845,1.3107
88.28,-1.4349,-0.819,0.3534
88.3,-1.8016,-1.3041,-0.2493
88.32,-1.0225,-1.6334,0.4547
88.34,-0.8991,-0.9145,-0.3292
88.36,-0.9166,-1.0392,-0.7881
88.38,-1.0421,-0.002,-1.0381
88.4,-0.8699,0.6619,-1.2096
88.42,-0.5732,0.8095,-1.4108
88.44,-0.8745,0.512,-2.1178
88.46,-0.6687,1.5769,-2.6143
88.48,-0.3465,1.4196,-3.0012
88.5,0.2944,1.4822,-3.0853
88.52,0.4395,1.0593,-2.8781
88.54,1.1297,1.1053,-1.8979
88.56,1.4197,0.6351,-1.6311
88.58,1.6571,0.0312,-0.9249
88.6,2.0742,-0.2483,0.0661
88.62,2.2012,-0.0169,1.8405
88.64,1.895,-0.2007,2.1965
88.66,1.6735,-0.2658,3.1389
88.68,0.6297,-0.4788,2.7397
88.7,0.3733,-0.4169,3.0754
88.72,-0.1014,-0.6877,3.039
88.74,-0.5726,-0.5085,1.6103
88.76,-1.0163,-0.5031,1.9248
88.78,-1.1131,-1.3391,1.0135
88.8,-1.3904,-0.985,0.6701
88.82,-1.3559,-1.2385,0.6414
88.84,-1.0929,-1.2819,0.0237
88.86,-0.7597,-0.6464,-0.2482
88.88,-0.9177,-0.4063,-0.7318
88.9,-0.7219,0.1144,-0.8873
88.92,-0.7961,-0.1846,-1.5413
88.94,-0.7446,0.9244,-1.4454
88.96,-0.4653,0.9631,-1.4427
88.98,-0.3105,0.8981,-2.5916
89.0,-0.464,1.2593,-2.3691
89.02,0.2985,1.3221,-3.1108
89.04,0.3138,1.2634,-2.8632
89.06,0.8364,0.843,-2.7337
89.08,1.3366,1.298,-1.5479
89.1,1.8086,0.5833,-0.2859
89.12,2.1296,0.0785,0.1464
89.14,1.7219,-0.2234,1.1268
89.16,2.0587,-0.2149,2.1765
89.18,1.7849,-0.761,2.7618
89.2,1.0299,-0.0556,4.0199
89.22,0.4574,-0.5687,3.737
89.24,0.4367,-0.6267,3.1741
89.26,-0.4378,-0.7266,2.8605
89.28,-1.2365,-0.6539,1.3056
89.3,-1.3952,-1.066,2.075
89.32,-1.3717,-1.1143,1.4506
89.34,-1.5862,-0.921,0.2864
89.36,-0.6451,-0.8447,-0.2476
89.38,-1.2164,-0.7897,-0.6086
89.4,-0.6866,-0.7714,-0.6643
89.42,-1.4448,-0.3824,-0.7527
89.44,-0.8947,-0.0742,-1.1471
89.46,-0.6969,0.7341,-1.3457
89.48,-0.7364,0.9382,-1.5781
89.5,-1.1022,1.1588,-1.8368
89.52,-0.3699,1.3377,-2.6549
89.54,0.2539,1.3982,-1.9495
89.56,0.3806,0.996,-3.0566
89.58,0.8697,1.0042,-2.29
89.6,1.1997,1.1128,-2.6642
89.62,1.6645,0.3452,-1.958
89.64,1.9552,0.0052,-1.1505
89.66,2.3329,-0.1675,1.1427
89.68,1.9488,-0.2111,1.2726
89.7,1.336,-0.3147,3.0511
89.72,0.8976,-0.2875,3.6159
89.74,1.2807,-0.6487,3.6908
89.76,-0.0953,-0.4795,2.9859
89.78,-0.6284,-0.4485,2.8637
89.8,-0.8949,-0.7852,2.4971
89.82,-0.9456,-1.1231,1.9319
89.84,-1.6346,-1.518,0.9398
89.86,-1.488,-0.4733,0.1265
89.88,-1.3943,-1.3879,-0.3802
89.9,-1.2463,-1.0488,-0.3071
89.92,-0.6549,-0.3242,-0.2373
89.94,-0.8474,-0.4736,-0.7296
89.96,-1.0031,-0.0313,-1.4812
89.98,-0.5967,0.2955,-1.8374
90.0,-0.4762,0.6995,-1.5493
90.02,-1.1826,1.3358,-2.8563
90.04,-0.7661,1.5695,-3.3154
90.06,-0.2235,1.6372,-2.3795
90.08,0.3569,1.2627,-3.3326
90.1,0.9456,1.3692,-2.9655
90.12,1.8062,1.1797,-2.0881
90.14,1.7795,0.549,-1.4952
90.16,2.1846,0.4585,-1.0985
90.18,2.1544,-0.0072,0.2565
90.2,1.8816,-0.0798,1.2715
90.22,1.2713,-0.1876,2.7141
90.24,1.3772,-0.1053,3.0938
90.26,0.5938,-0.4586,2.8823
90.28,-0.0718,-0.8832,3.0343
90.3,-0.5204,-1.0487,2.7075
90.32,-1.0007,-0.2996,2.4049
90.34,-1.4308,-1.2014,1.469
90.36,-1.4237,-0.6965,0.7166
90.38,-1.3025,-0.5208,1.0015
90.4,-1.0555,-1.3737,-0.0776
90.42,-1.3205,-1.1592,-0.2361
90.44,-1.128,-1.0733,-0.1653
90.46,-0.4345,-0.4569,-0.7581
90.48,-0.3251,-0.0902,-0.3964
90.5,-0.8519,0.7775,-0.6462
90.52,-0.6845,0.6796,-1.7108
90.54,-0.2456,0.7827,-1.4483
90.56,0.0064,1.3261,-3.0677
90.58,-0.0724,1.4847,-3.2161
90.6,-0.4012,1.2397,-3.1126
90.62,0.8712,1.0763,-3.6241
90.64,1.2403,1.3966,-2.9849
90.66,1.7641,0.832,-2.0034
90.68,1.8994,0.633,-1.2465
90.7,2.3441,0.1514,0.6551
90.72,2.2334,-0.1128,1.2266
90.74,1.6617,-0.43,2.169
90.76,1.448,-0.0317,2.6751
90.78,0.922,-0.6807,3.0439
90.8,0.4294,0.1743,3.892
90.82,-0.2438,-0.4249,2.9347
90.84,-0.9139,-0.8246,2.1517
90.86,-1.3939,-0.9125,1.5346
90.88,-1.4466,-0.9626,1.7355
90.9,-1.9339,-0.9952,0.5961
90.92,-1.3371,-0.9551,0.1683
90.94,-1.6094,-0.8799,0.0731
90.96,-1.0157,-0.8854,-0.4405
90.98,-0.6481,-0.2592,-0.2861
91.0,-0.2131,0.0251,-1.0382
91.02,-0.3495,0.4076,-1.5104
91.04,-0.4833,0.7033,-1.443
91.06,-0.5434,0.5819,-2.3485
91.08,-0.3827,0.9601,-2.7178
91.1,-0.373,1.3545,-2.478
91.12,0.2784,1.691,-2.4522
91.14,0.032,0.9529,-3.0918
91.16,1.3418,1.3019,-2.4576
91.18,1.5584,0.8731,-1.6784
91.2,1.6638,0.7208,-1.2192
91.22,1.6574,-0.2172,0.0307
91.24,1.7571,0.3029,1.2276
91.26,2.1371,0.0509,2.1771
91.28,1.4574,-0.4806,2.8938
91.3,1.2985,-0.1234,3.1513
91.32,0.3438,-0.4795,3.6733
91.34,-0.3408,-0.3254,3.4952
91.36,-0.3305,-0.527,2.8229
91.38,-0.9038,-0.0806,2.1521
91.4,-1.39,-0.5612,1.5962
91.42,-1.4893,-0.8129,0.9457
91.44,-1.882,-1.303,0.0427
91.46,-1.6496,-1.3336,-0.1229
91.48,-1.6028,-0.8432,-1.1341
91.5,-1.1608,-0.8727,-0.6146
91.52,-0.9573,-0.4661,-1.1403
91.54,-1.2839,-0.2809,-1.3036
91.56,-0.6446,0.0364,-0.7381
91.58,-0.447,0.4954,-2.0843
91.6,-0.5281,0.8201,-1.6138
91.62,0.0895,1.5655,-2.9487
91.64,0.0351,1.0816,-3.4663
91.66,0.4636,0.7997,-3.219
91.68,1.2362,1.2904,-2.7445
91.7,1.8925,0.8741,-2.4322
91.72,1.7681,0.7253,-1.2139
91.74,2.0283,-0.0087,-0.6982
91.76,2.0452,0.3886,0.5596
91.78,2.2221,0.0712,1.6697
91.8,1.6908,-0.5173,2.9256
91.82,1.2473,-0.4239,3.3284
91.84,0.6886,0.0088,2.7136
91.86,0.1868,-0.0925,3.0036
91.88,-0.1092,-0.5354,3.0482
91.9,-1.2997,-0.9515,2.3832
91.92,-0.977,-0.7197,3.0826
91.94,-1.5454,-1.2399,1.3204
91.96,-0.6249,-1.0775,0.9472
91.98,-1.0882,-0.9945,0.6041
92.0,-1.6671,-1.0728,-0.6492
92.02,-1.0827,-1.2148,-0.3097
92.04,-0.8571,-0.5888,-0.9151
92.06,-0.7773,0.0181,-1.3874
92.08,-0.6741,0.3165,-0.1726
92.1,-0.4071,0.7439,-1.525
92.12,-0.5684,1.4416,-1.9093
92.14,-0.7242,1.1382,-2.32
92.16,0.1648,1.1984,-1.7319
92.18,0.6496,1.8407,-3.0161
92.2,0.8757,1.3112,-3.2646
92.22,1.0632,0.7147,-2.7035
92.24,1.5264,0.6761,-1.5276
92.26,1.8428,0.2518,-1.8304
92.28,1.7413,0.2492,-0.4669
92.3,1.8037,-0.1825,1.0932
92.32,1.5263,-0.3688,1.5714
92.34,1.1387,-0.2556,2.8711
92.36,0.911,-0.5575,3.3006
92.38,0.1185,-0.734,3.2176
92.4,-0.6317,-0.6595,3.0485
92.42,-0.9656,-0.943,2.4244
92.44,-0.9867,-0.9394,2.0008
92.46,-0.9704,-0.6511,1.8147
92.48,-1.3253,-0.9163,1.1641
92.5,-1.0794,-0.9997,0.319
92.52,-1.2913,-0.8924,0.2692
92.54,-1.0774,-0.9433,-0.0624
92.56,-1.468,-0.3674,0.2811
92.58,-0.8334,-0.5327,-0.8011
92.6,-1.4324,-0.1354,-0.6929
92.62,-0.7615,0.8842,-2.1919
92.64,-0.6254,1.0771,-2.4536
92.66,-0.1902,1.4374,-2.1043
92.68,-0.2149,1.2328,-1.7023
92.7,0.5808,1.5925,-2.9304
92.72,0.4624,1.1318,-3.6756
92.74,0.8433,1.314,-2.7883
92.76,1.4925,0.6405,-2.1305
92.78,1.207,0.4277,-1.4532
92.8,2.1577,0.1167,-0.418
92.82,1.6889,0.0489,0.2675
92.84,1.869,-0.0987,1.7423
92.86,1.7268,-0.1529,2.5092
92.88,1.3009,-0.3825,3.2917
92.9,0.5691,-0.4822,3.0213
92.92,0.0322,-0.7123,3.0723
92.94,-1.4529,-0.5867,2.6244
92.96,-0.9796,-0.9348,2.7287
92.98,-1.3404,-0.7188,1.679
93.0,-1.3217,-1.1045,1.2536
93.02,-1.8371,-0.9596,0.7116
93.04,-1.3495,-1.0211,0.4178
93.06,-1.3527,-0.8715,0.2191
93.08,-1.4695,-1.3892,0.0715
93.1,-1.1587,-0.5228,-0.1508
93.12,-0.3954,-0.1663,-0.9274
93.14,-0.6995,0.3741,-1.6215
93.16,-0.7318,0.7217,-1.5235
93.18,-0.6373,1.258,-2.625
93.2,0.0055,1.2573,-2.4734
93.22,0.063,1.7174,-3.2449
93.24,0.4815,1.3365,-3.4093
93.26,0.4442,1.2167,-3.3952
93.28,1.5479,0.9135,-1.9249
93.3,1.7558,0.7159,-1.592
93.32,2.0198,-0.1519,-0.2193
93.34,2.7291,0.3994,0.0872
93.36,1.6963,0.1269,2.1626
93.38,1.3156,-0.0638,2.8952
93.4,1.4465,-0.1298,2.6457
93.42,0.8208,-0.6484,3.2392
93.44,0.1328,-0.736,3.3457
93.46,-0.9258,-0.2723,3.1644
93.48,-1.3492,-0.3282,2.2139
93.5,-1.2366,-0.9074,1.9393
93.52,-1.3341,-1.3789,0.9683
93.54,-1.5409,-1.1561,0.9002
93.56,-1.6123,-1.375,0.66
93.58,-1.4266,-1.2541,0.4475
93.6,-1.0914,-1.0892,-0.1881
93.62,-1.0646,-0.571,-0.6238
93.64,-0.6387,-0.4376,-0.6418
93.66,-1.0575,-0.0505,-1.5517
93.68,-0.6835,0.4612,-1.7449
93.7,-0.6599,0.7628,-1.7146
93.72,-0.7497,1.4118,-2.9715
93.74,-0.2216,1.3933,-2.3651
93.76,0.2581,1.7416,-3.3521
93.78,1.0546,1.3142,-2.4503
93.8,0.9827,0.91,-2.5435
93.82,2.1828,0.8383,-2.3571
93.84,1.9721,0.4331,-1.0768
93.86,2.1998,-0.411,-0.2176
93.88,2.2961,-0.0178,0.6476
93.9,1.8432,-0.4724,1.7131
93.92,1.5041,-0.2283,2.8651
93.94,0.3909,-0.9928,3.2273
93.96,0.0199,-0.5759,3.29
93.98,-0.782,-0.4486,2.9074
94.0,-1.1995,-0.2845,3.2977
94.02,-1.3064,-0.5152,2.0969
94.04,-1.2766,-1.0968,0.9669
94.06,-1.4811,-1.4999,0.9917
94.08,-1.482,-0.5902,0.3415
94.1,-1.3647,-0.8798,-0.3892
94.12,-1.0982,-0.8723,-0.3032
94.14,-1.424,-0.4328,-0.8138
94.16,-0.6285,-0.2543,-1.3973
94.18,-0.8202,0.375,-1.0134
94.2,-0.4865,0.2165,-0.9847
94.22,-0.7122,0.8985,-2.0547
94.24,-0.3435,1.1704,-1.8958
94.26,-0.248,1.6397,-2.9413
94.28,0.3772,1.3647,-2.4864
94.3,0.4839,1.2503,-2.2066
94.32,0.9835,0.5617,-2.2566
94.34,1.4282,0.9404,-2.2394
94.36,1.5678,0.3216,-1.4062
94.38,2.1372,-0.0503,-0.4222
94.4,1.8386,0.3735,0.5879
94.42,1.9093,-0.1763,1.2147
94.44,1.4609,-0.6266,2.6846
94.46,1.0787,-0.2601,3.7234
94.48,0.0173,-0.3457,3.8362
94.5,-0.0238,-0.9263,3.184
94.52,-0.2667,-0.2522,2.5013
94.54,-1.1926,-0.4975,1.9763
94.56,-1.1647,-0.6644,1.7874
94.58,-1.5632,-1.2233,0.1466
94.6,-1.457,-0.703,0.49
94.62,-1.4555,-1.1195,0.1257
94.64,-0.8725,-0.5741,-0.387
94.66,-1.0168,-0.5172,-1.0064
94.68,-0.7137,-0.1797,-0.8227
94.7,-1.0038,0.1621,-0.3444
94.72,-0.6135,0.5972,-1.2293
94.74,-0.9262,0.9006,-1.0774
94.76,-0.9823,1.389,-2.2597
94.78,-0.5724,1.4522,-3.3287
94.8,0.2073,1.3409,-2.9677
94.82,0.2284,1.479,-3.1595
94.84,1.1322,1.2364,-3.0519
94.86,1.5008,0.8478,-2.2386
94.88,1.7033,0.7086,-1.1175
94.9,1.973,0.5606,-0.1528
94.92,1.5833,0.1008,1.6297
94.94,2.6955,0.188,2.5507
94.96,1.665,-0.519,2.3478
94.98,1.5136,-0.0615,3.1742
95.0,0.2864,-0.1951,3.209
95.02,0.1744,-0.229,3.487
95.04,-0.5436,-0.6283,2.5045
95.06,-0.9542,-0.382,2.4181
95.08,-1.4251,-0.5686,2.1279
95.1,-1.6428,-1.0326,0.9502
95.12,-1.6601,-1.2526,0.6275
95.14,-1.7755,-1.3535,0.1714
95.16,-1.1781,-1.2651,0.2639
95.18,-1.2432,-0.9301,-1.0849
95.2,-0.8222,-0.3639,-0.7225
95.22,-0.9661,-0.2803,-0.8559
95.24,-0.8574,0.106,-1.1972
95.26,-0.5014,0.5863,-1.5018
95.28,-0.5261,0.7826,-2.2587
95.3,-0.4875,0.8461,-2.8433
95.32,0.4447,1.4755,-3.2476
95.34,1.1261,1.0472,-2.7679
95.36,0.578,1.0196,-2.7629
95.38,1.0643,1.1604,-2.2759
95.4,1.6867,0.5757,-1.8901
95.42,1.7377,0.5481,-0.8775
95.44,1.9578,0.4972,0.5425
95.46,2.1049,0.0202,1.1221
95.48,1.4564,-0.134,2.5294
95.5,1.2956,-0.9494,3.3599
95.52,0.6229,-0.2653,3.1448
95.54,0.249,-0.6492,3.2325
95.56,-0.0397,0.0994,3.1037
95.58,-1.173,-1.241,2.8912
95.6,-1.4679,-0.5416,1.7781
95.62,-1.4867,-1.1117,2.0556
95.64,-1.4265,-1.1813,0.7442
95.66,-1.919,-1.7868,-0.3116
95.68,-0.9998,-1.084,0.0841
95.7,-1.4352,-0.4101,0.4119
95.72,-1.275,-0.4879,-1.1576
95.74,-0.7433,0.2219,-0.4826
95.76,-0.7917,0.3766,-0.9503
95.78,-0.5943,0.1896,-1.5885
95.8,-0.2533,1.2823,-2.0917
95.82,-0.4897,1.0374,-2.4667
95.84,-0.0367,1.2809,-2.9835
95.86,0.371,0.8502,-2.3448
95.88,0.8284,0.8636,-2.5161
95.9,1.4091,1.0295,-2.5474
95.92,1.4285,0.7893,-2.1999
95.94,2.4328,0.5985,-0.9739
95.96,1.9576,0.4708,-0.2012
95.98,1.8069,-0.1801,1.1368
96.0,1.5117,-0.265,1.6681
96.02,1.2777,-0.2252,3.2967
96.04,0.674,-0.2823,3.6562
96.06,0.4019,-0.3467,3.0019
96.08,-0.635,-0.0107,2.9719
96.1,-0.7529,-0.7672,2.9658
96.12,-1.1597,-0.7684,2.1794
96.14,-1.5516,-0.7572,1.5333
96.16,-1.5968,-1.1851,1.21
96.18,-1.3772,-0.7991,-0.1833
96.2,-0.9655,-1.0088,-0.4059
96.22,-1.4398,-0.9821,-0.069
96.24,-1.1818,-0.9026,-0.6243
96.26,-1.1589,-0.0553,-1.161
96.28,-0.8493,0.6215,-0.7705
96.3,-0.2619,0.1725,-1.5512
96.32,-0.2914,0.9517,-1.2328
96.34,0.1326,1.5505,-2.4912
96.36,0.0186,1.4344,-2.2918
96.38,0.4238,1.4693,-2.6703
96.4,0.5288,1.3327,-3.4121
96.42,0.7523,1.0446,-2.501
96.44,1.5588,0.4831,-2.3576
96.46,2.2157,0.463,-1.4862
96.48,1.6915,-0.1821,-0.443
96.5,1.9343,-0.2984,0.9473
96.52,1.7973,-0.2216,1.59
96.54,1.6098,-0.2403,2.2913
96.56,0.7166,-0.6604,3.5187
96.58,0.5212,-0.0171,3.4203
96.6,-0.1764,-0.4023,3.1473
96.62,-0.7755,-0.5584,2.9054
96.64,-0.8056,-0.6598,2.1641
96.66,-1.4262,-1.2052,1.7029
96.68,-1.3934,-0.8155,1.6913
96.7,-1.0561,-0.8716,0.6972
96.72,-1.3154,-1.537,-0.4925
96.74,-1.0487,-0.872,-0.534
96.76,-1.1823,-0.446,-0.9064
96.78,-0.641,-0.2966,-1.3852
96.8,-0.5637,0.2555,-0.9788
96.82,-0.6077,0.3639,-1.5724
96.84,-0.7007,0.8444,-1.6296
96.86,-0.7035,1.4026,-2.1657
96.88,-0.4501,1.3782,-2.3811
96.9,0.359,1.6413,-2.6112
96.92,0.3557,1.6318,-2.8476
96.94,1.2041,1.1376,-2.6677
96.96,1.3905,0.7252,-2.1347
96.98,1.7065,0.3087,-1.1429
97.0,2.0086,0.1799,-1.1013
97.02,2.101,-0.3268,0.5891
97.04,1.7405,-0.5591,1.4345
97.06,1.5083,-0.4917,3.1456
97.08,0.8956,-0.449,2.4698
97.1,0.5175,-0.3881,3.5577
97.12,-0.0374,-0.3282,3.4741
97.14,-0.4977,-0.5737,3.6426
97.16,-1.312,-0.9047,2.6299
97.18,-1.202,-0.4928,1.7518
97.2,-1.3161,-1.1221,0.3237
97.22,-0.98,-1.2994,0.8928
97.24,-1.8975,-0.7675,0.4486
97.26,-1.6452,-0.6813,-0.1684
97.28,-0.8721,-0.796,-0.5651
97.3,-0.8543,-0.3351,-0.1107
97.32,-0.8591,0.0676,-0.3734
97.34,-0.4784,0.2142,-1.6491
97.36,-0.4025,0.7301,-1.3107
97.38,-0.9449,1.2524,-1.5471
97.4,-0.1287,1.3042,-2.1876
97.42,0.0407,1.7291,-3.0173
97.44,0.3098,1.3864,-3.6243
97.46,0.9519,0.8348,-3.0092
97.48,1.2291,0.9069,-2.2431
97.5,1.5285,0.5486,-1.7125
97.52,2.3198,0.606,-0.6538
97.54,1.9744,-0.0736,-0.0178
97.56,2.1984,-0.1267,0.8207
97.58,1.3877,-0.0038,2.4039
97.6,1.0439,-0.3116,2.2322
97.62,0.8892,-0.6559,3.1951
97.64,0.3145,-0.2656,3.9093
97.66,-0.5986,-0.7845,3.1268
97.68,-1.0535,-0.592,2.9164
97.7,-1.3307,-0.8793,1.9648
97.72,-1.6199,-1.2892,1.4574
97.74,-1.5086,-0.7379,0.2306
97.76,-1.9199,-0.7491,0.2398
97.78,-1.479,-0.5429,-0.1863
97.8,-1.387,-0.3147,-0.9707
97.82,-0.9936,-0.4075,-0.6181
97.84,-0.7283,0.0131,-0.8379
97.86,-0.7236,0.4199,-0.973
97.88,-0.6371,1.2339,-1.4657
97.9,-0.8536,0.6858,-1.9556
97.92,0.2436,1.352,-2.2837
97.94,-0.041,1.4369,-2.5695
97.96,0.384,1.4352,-2.8986
97.98,0.4908,1.3228,-2.682
98.0,1.032,1.5647,-2.3566
98.02,1.1417,0.6939,-1.3453
98.04,1.7114,0.2484,-0.9965
98.06,1.9723,-0.0509,-0.2082
98.08,2.0225,-0.3527,0.8749
98.1,2.051,-0.391,1.4101
98.12,1.2765,-0.6459,2.2277
98.14,1.1155,-0.5456,3.2719
98.16,0.761,-0.5971,3.8389
98.18,-0.1505,-0.5429,2.8789
98.2,-1.1609,-0.546,2.8042
98.22,-1.2584,-1.0375,2.278
98.24,-1.4656,-0.6919,1.2393
98.26,-1.5475,-1.1443,0.6654
98.28,-1.6776,-0.3889,0.5272
98.3,-1.2042,-1.1286,-0.2816
98.32,-1.1986,-0.8131,-0.166
98.34,-1.098,-0.6835,-0.8109
98.36,-1.006,0.3095,-0.7661
98.38,-0.6399,0.5728,-1.0228
98.4,-0.6253,0.1696,-1.3515
98.42,-0.4198,0.7992,-2.3891
98.44,-0.1124,1.1752,-2.4086
98.46,-0.1559,1.2161,-2.8513
98.48,0.1685,1.1888,-2.6617
98.5,0.732,1.4145,-2.2814
98.52,0.5458,1.4635,-3.0209
98.54,1.238,0.6678,-2.4306
98.56,2.0956,0.3865,-1.5406
98.58,1.9905,0.2553,-0.3976
98.6,2.0128,0.0829,0.6903
98.62,1.9613,-0.3992,1.7683
98.64,1.5477,-0.2666,2.594
98.66,1.1287,-0.5212,2.9276
98.68,0.738,-0.7234,3.3227
98.7,-0.674,-0.5916,3.2925
98.72,-1.3539,-0.4293,2.9467
98.74,-1.3039,-0.348,2.7086
98.76,-1.3641,-1.1288,1.7802
98.78,-1.2058,-0.8989,1.1201
98.8,-1.8561,-0.8163,0.0396
98.82,-1.3603,-0.9688,-0.005
98.84,-1.3901,-1.2996,-0.3037
98.86,-0.7982,-0.76,-0.2826
98.88,-1.2074,-0.1195,-0.6596
98.9,-0.6062,0.215,-0.6482
98.92,-0.8369,0.481,-1.5926
98.94,-0.7411,0.8712,-1.0476
98.96,-0.5902,0.5924,-2.2911
98.98,-0.3595,1.1812,-2.0598
99.0,-0.0555,1.6964,-2.7413
99.02,0.2038,1.491,-2.5251
99.04,1.079,1.1409,-2.8895
99.06,1.7314,1.0349,-2.2246
99.08,1.3057,0.3211,-2.0734
99.1,1.8546,0.4044,-0.8537
99.12,2.366,0.3682,0.5404
99.14,1.7706,-0.209,1.3425
99.16,2.2001,-0.1721,3.1183
99.18,1.2706,-0.5314,3.0037
99.2,0.7597,-0.4804,3.9106
99.22,0.3831,-0.9349,3.3892
99.24,-0.6138,-0.3842,2.7757
99.26,-1.1736,-0.6833,2.0296
99.28,-1.558,-0.624,2.1596
99.3,-1.6135,-0.6659,1.3535
99.32,-1.6776,-1.0559,0.8737
99.34,-1.1509,-1.3205,-0.117
99.36,-1.8944,-0.8813,-0.4668
99.38,-1.0052,-0.7929,-0.5813
99.4,-1.0721,-0.2152,-0.5908
99.42,-0.6994,-0.1486,-0.847
99.44,-0.3928,1.1293,-1.0385
99.46,-0.6117,0.6207,-1.6964
99.48,-0.385,1.0343,-2.167
99.5,-0.1731,1.0705,-2.1546
99.52,-0.2588,1.649,-2.1535
99.54,0.8088,1.2264,-2.7659
99.56,0.2683,1.7192,-2.9133
99.58,0.9837,0.9863,-2.3949
99.6,1.2902,0.5345,-1.0612
99.62,2.1231,0.3243,-0.7596
99.64,1.9652,0.4054,-0.382
99.66,1.9169,-0.3991,1.5469
99.68,1.3826,-0.074,2.4703
99.7,1.4185,-0.6156,3.4576
99.72,1.2029,0.1666,4.3646
99.74,0.2326,-0.7807,3.8354
99.76,-1.0104,-0.5912,2.4406
99.78,-1.3149,-0.5717,2.7339
99.8,-0.9793,-0.5873,2.6502
99.82,-1.5505,-0.7387,1.2534
99.84,-1.3874,-0.983,0.4809
99.86,-1.689,-1.095,0.3005
99.88,-1.3905,-0.8271,-0.0381
99.9,-1.2659,-0.6674,-0.3452
99.92,-0.9984,-0.9888,-1.4723
99.94,-0.9083,-0.6037,-1.0551
99.96,-0.365,0.1438,-1.3341
99.98,-0.8412,0.4356,-1.404
100.0,-0.6633,0.6469,-1.5289
100.02,-0.3117,1.2636,-1.7809
100.04,0.0585,1.4068,-3.3761
100.06,0.1054,1.468,-2.9097
100.08,0.3183,1.2966,-3.1701
100.1,0.9393,1.2525,-2.9463
100.12,1.3865,0.8307,-1.7719
100.14,1.8205,0.4755,-1.2418
100.16,1.6113,0.2691,-0.0353
100.18,2.2059,-0.2495,0.2172
100.2,1.4452,-0.4302,1.4396
100.22,0.9363,-0.6641,2.359
100.24,1.526,-0.4653,3.9196
100.26,0.9184,-0.1461,3.3895
100.28,-0.6539,-0.4303,3.9255
100.3,-1.2273,-0.9591,2.5058
100.32,-1.4304,-0.6478,2.6147
100.34,-1.4398,-0.7239,1.7932
100.36,-2.0422,-0.9217,0.848
100.38,-1.4904,-1.3075,0.2012
100.4,-1.702,-1.0241,-0.0436
100.42,-1.2791,-1.2687,-0.3109
100.44,-1.168,-0.7557,-0.5794
100.46,-0.7248,-0.0857,-0.7131
100.48,-0.2998,0.0396,-0.9206
100.5,-0.2851,0.4484,-0.8123
100.52,-0.632,0.6954,-1.1505
100.54,-0.0873,1.1407,-2.6619
100.56,0.2935,1.1213,-3.4405
100.58,-0.2662,1.8369,-2.9528
100.6,0.7441,1.6116,-3.0246
100.62,1.2721,1.0235,-2.4507
100.64,1.4906,0.9445,-1.9264
100.66,1.4941,0.453,-1.9574
100.68,2.2009,0.2284,-1.2116
100.7,1.9244,-0.0462,0.0088
100.72,2.0222,-0.0954,0.9742
100.74,1.5904,-0.5127,2.1966
100.76,0.8283,-0.4091,2.9596
100.78,0.5535,-0.4744,2.3267
100.8,-0.424,-0.6287,3.9045
100.82,-0.8414,-0.4796,3.6054
100.84,-1.5045,-0.8234,2.7474
100.86,-1.6442,-0.7368,1.9511
100.88,-1.4617,-1.0065,1.7059
100.9,-1.7364,-0.9706,1.0952
100.92,-1.2719,-1.2266,-0.1942
100.94,-1.31,-0.6359,-0.241
100.96,-1.3549,-1.1632,-0.0061
100.98,-0.6627,-0.4356,-0.7793
101.0,-0.4913,-0.0006,-1.1017
101.02,-0.5605,0.1541,-1.0613
101.04,-0.2191,0.8015,-1.8025
101.06,-0.0893,0.9126,-1.77
101.08,-0.5525,1.4663,-2.2776
101.1,-0.0265,1.6144,-1.6679
101.12,0.3432,1.3492,-3.7329
101.14,1.2893,1.1878,-2.9008
101.16,1.2555,1.1811,-2.8218
101.18,1.7172,0.5791,-2.0881
101.2,2.0664,0.5419,-0.8427
101.22,1.8163,-0.3561,-0.2997
101.24,1.5818,0.3555,0.579
101.26,1.6016,-0.5903,2.4763
101.28,1.1215,0.2188,2.9484
101.3,0.8941,-0.5282,2.9929
101.32,-0.3246,-0.6451,3.8447
101.34,-0.1377,-0.5732,2.658
101.36,-1.1614,-0.739,3.5279
101.38,-1.3594,-0.3833,2.2609
101.4,-1.7036,-1.0646,2.1155
101.42,-1.4563,-0.8478,1.2034
101.44,-1.8483,-1.0612,0.1255
101.46,-1.0103,-0.6391,0.2386
101.48,-0.7911,-0.7557,-0.2165
101.5,-0.6277,-0.8254,-0.2037
101.52,-0.9217,-0.3887,-1.1102
101.54,0.2532,0.5267,-1.14
101.56,-0.2139,0.4708,-1.2266
101.58,-0.3344,1.0486,-2.1999
101.6,0.0784,0.9887,-2.2098
101.62,0.6487,1.5637,-2.8691
101.64,0.5936,1.6096,-3.518
101.66,0.5991,1.1897,-2.8966
101.68,1.6735,1.0811,-2.622
101.7,1.1027,0.5975,-2.3882
101.72,1.8487,0.3516,-1.7647
101.74,2.1764,0.2884,-0.7543
101.76,2.229,-0.3981,0.4212
101.78,1.351,-0.4776,1.6867
101.8,1.4138,-0.2174,1.8653
101.82,0.4829,-0.5884,3.3004
101.84,0.2321,-0.6977,2.9907
101.86,-0.8532,-0.8391,3.3841
101.88,-0.5273,-0.837,3.0651
101.9,-1.2092,-1.0973,2.4454
101.92,-1.3745,-0.6323,1.9223
101.94,-1.9531,-0.746,1.4526
101.96,-1.7515,-0.9203,0.94
101.98,-1.2035,-0.7023,0.721
102.0,-1.2311,-0.2814,-0.3014
102.02,-1.0298,-0.5954,-0.541
102.04,-0.7446,-0.534,0.1242
102.06,-0.8438,-0.1646,-1.0485
102.08,-0.3562,0.73,-0.952
102.1,-0.2527,0.934,-1.6002
102.12,-0.0357,1.154,-1.5945
102.14,0.2464,1.8166,-2.1135
102.16,0.5657,1.6229,-2.7484
102.18,1.0638,1.7322,-2.9335
102.2,1.1653,1.2404,-2.4591
102.22,1.391,0.6555,-2.8704
102.24,1.9011,0.5357,-2.4911
102.26,1.482,0.0405,-1.3946
102.28,2.2128,-0.141,-0.2048
102.3,2.1222,-0.4523,0.7896
102.32,1.2664,-0.9428,2.2827
102.34,0.7978,-0.5366,3.5785
102.36,0.8647,-0.0445,2.9158
102.38,0.0327,-0.0698,3.7282
102.4,-0.4948,-0.2947,3.0708
102.42,-1.0551,-0.7103,2.6483
102.44,-1.7354,-0.9109,2.5874
102.46,-1.3129,-0.8689,1.9776
102.48,-1.4789,-0.7745,0.4087
102.5,-2.0395,-0.8659,-0.0498
102.52,-1.2034,-0.7052,0.0521
102.54,-1.3575,-0.9734,-0.075
102.56,-0.969,-0.5338,-0.3951
102.58,-0.7862,0.5224,-1.2784
102.6,-0.2947,0.5521,-0.9278
102.62,-0.7386,0.5566,-2.1572
102.64,-0.372,1.22,-2.1788
102.66,-0.2155,1.3625,-2.2691
102.68,0.5256,1.1356,-2.8589
102.7,0.2994,1.4733,-2.7236
102.72,1.2083,1.0934,-3.2135
102.74,1.3294,1.1996,-3.068
102.76,1.3095,0.776,-2.1113
102.78,1.5016,-0.2894,-1.3816
102.8,2.1872,-0.4846,0.2613
102.82,2.5546,-1.0271,0.7916
102.84,1.3763,-0.5142,1.7422
102.86,1.2364,-0.303,2.9834
102.88,0.6078,-0.4316,3.5016
102.9,0.1277,-0.4029,3.2326
102.92,-0.5231,-0.5098,3.7297
102.94,-1.2293,-1.169,3.3986
102.96,-1.6338,-0.6212,2.2147
102.98,-2.0707,-0.7775,1.4048
103.0,-1.4406,-1.0001,1.4573
103.02,-1.8736,-0.5171,-0.0149
103.04,-1.1081,-0.4851,0.1932
103.06,-1.1578,-1.0794,-0.6655
103.08,-0.8127,-0.276,-1.6319
103.1,-0.7044,-0.2504,-0.1156
103.12,-0.6122,0.3919,-0.8075
103.14,-0.6509,0.9045,-1.5841
103.16,-0.6483,1.2592,-1.4045
103.18,-0.0999,1.7289,-2.6861
103.2,0.3087,1.3131,-2.8228
103.22,0.4094,1.1454,-3.2176
103.24,0.8808,1.6411,-3.4829
103.26,1.1985,0.9601,-3.0254
103.28,1.6977,0.6456,-2.6707
103.3,1.4895,-0.0743,-2.0047
103.32,1.8208,-0.4355,-0.6033
103.34,2.0061,-0.0655,0.6894
103.36,1.68,-0.7277,1.7021
103.38,1.5608,-0.9189,2.465
103.4,0.7324,-0.6577,3.1587
103.42,0.0422,-0.334,2.6456
103.44,-0.3812,-0.8636,3.0287
103.46,-0.6317,-0.6028,2.6356
103.48,-0.9592,-0.7652,2.5948
103.5,-1.396,-0.9937,1.6357
103.52,-2.0401,-0.8724,0.7647
103.54,-1.1766,-0.6369,0.1637
103.56,-1.1576,-0.8605,0.5462
103.58,-1.1556,-0.3682,-0.4937
103.6,-0.7236,-0.4985,-0.5641
103.62,-0.8955,-0.2377,-0.7795
103.64,-0.9056,0.0494,-1.0157
103.66,-0.8569,0.7939,-0.7121
103.68,-0.2891,1.2217,-1.9329
103.7,-0.5206,0.9879,-2.3155
103.72,-0.141,1.5501,-2.5291
103.74,-0.1482,1.3943,-2.7625
103.76,-0.0878,0.8427,-3.1836
103.78,1.0659,0.7858,-2.149
103.8,1.1565,0.277,-2.2934
103.82,1.5617,0.328,-1.453
103.84,1.6393,-0.3866,-1.0513
103.86,1.8885,-0.7066,0.4065
103.88,1.9766,-0.6014,1.2172
103.9,1.9539,-0.6868,2.4576
103.92,1.045,-0.9069,2.7536
103.94,0.908,-0.9425,2.7965
103.96,0.1348,-1.1,3.5648
103.98,-0.7323,-1.027,2.9352
104.0,-0.9049,-0.8113,1.9733
104.02,-1.2099,-0.7969,2.0726
104.04,-1.791,-0.8873,1.5696
104.06,-1.7416,-0.6411,0.7515
104.08,-1.0454,-0.6221,0.0979
104.1,-1.0122,-0.7626,0.3525
104.12,-1.1148,-0.1934,-0.2153
104.14,-1.0232,-0.2636,-0.812
104.16,-0.9089,0.031,-0.9901
104.18,-0.7243,0.8515,-1.1602
104.2,-1.0412,0.8285,-1.2139
104.22,-0.1535,1.1064,-1.4865
104.24,-0.408,1.0495,-1.9658
104.26,-0.0117,1.8613,-2.7872
104.28,0.2388,0.7335,-3.1081
104.3,0.5303,1.0479,-3.7562
104.32,1.2647,0.5783,-2.4996
104.34,1.977,0.8273,-1.5951
104.36,2.1578,0.2596,-1.0498
104.38,2.2168,0.0419,-0.0882
104.4,2.209,-0.527,0.7789
104.42,1.6755,-0.6049,1.3936
104.44,1.4405,-0.8073,2.8556
104.46,1.0119,-1.0995,3.0858
104.48,0.2319,-0.821,3.1558
104.5,0.0289,-0.6098,3.2075
104.52,-0.7625,-0.5275,2.0008
104.54,-1.4907,-0.5137,2.0525
104.56,-1.6617,-1.1867,1.3414
104.58,-1.2607,-0.4496,0.7076
104.6,-1.5895,-0.5015,0.4205
104.62,-1.2462,-0.5031,-0.0109
104.64,-1.231,-0.2211,-0.7799
104.66,-1.0213,-0.1927,-0.4353
104.68,-0.5349,-0.0512,-0.1705
104.7,-0.6018,0.679,-0.9559
104.72,-0.5244,1.0076,-1.4283
104.74,-0.8724,1.0246,-1.1597
104.76,-0.3065,1.573,-2.5564
104.78,-0.3063,1.7082,-2.688
104.8,0.2573,1.5704,-3.4949
104.82,0.4424,1.2919,-3.395
104.84,1.1436,0.9722,-2.6959
104.86,1.0836,0.3388,-2.6367
104.88,1.5969,0.0946,-1.4822
104.9,1.9813,-0.4006,-0.6327
104.92,2.0205,-0.8576,0.8461
104.94,1.855,-0.6499,0.744
104.96,1.5756,-0.9676,2.1358
104.98,1.0647,-0.876,2.6447
105.0,0.4837,-0.7498,3.8138
105.02,-0.2259,-0.8432,3.233
105.04,-1.0502,-0.5678,2.7225
105.06,-1.2384,-0.6312,2.2464
105.08,-1.7709,-0.523,2.7685
105.1,-1.2969,-0.832,1.045
105.12,-2.0516,-0.6247,0.3354
105.14,-1.3181,-0.8808,0.2463
105.16,-1.3131,-0.9709,-0.3599
105.18,-1.119,-0.1255,-0.2425
105.2,-1.2003,-0.0913,-0.0413
105.22,-0.5577,0.1846,-0.6183
105.24,-0.542,0.595,-0.7379
105.26,-0.7141,1.4923,-1.6395
105.28,-0.4052,1.4957,-1.9175
105.3,-0.0811,1.6751,-2.0009
105.32,-0.4183,2.0094,-2.8544
105.34,0.3027,1.1587,-3.4721
105.36,0.8674,1.2247,-3.0141
105.38,1.6829,0.229,-2.9569
105.4,2.0611,0.2824,-1.5771
105.42,1.708,0.261,-0.926
105.44,1.6349,-0.6812,0.1823
105.46,1.9218,-0.97,0.999
105.48,1.6519,-0.5639,1.9182
105.5,1.2169,-0.9196,2.8105
105.52,0.4415,-1.3227,3.5319
105.54,-0.0598,-0.7647,3.9702
105.56,-0.6628,-0.8112,2.7768
105.58,-1.3007,-0.5772,2.8859
105.6,-1.3274,-0.7236,2.1032
105.62,-1.4505,-0.5745,1.5109
105.64,-1.4023,-0.1006,1.2152
105.66,-1.4985,-0.534,-0.0691
105.68,-1.3975,-0.8303,-0.1854
105.7,-1.3745,0.008,-0.4654
105.72,-1.0262,-0.2877,-0.343
105.74,-1.1529,0.3142,-1.1462
105.76,-1.0,1.017,-0.7251
105.78,-0.2379,1.1859,-1.9215
105.8,-0.6334,1.185,-1.552
105.82,-0.3669,1.1791,-2.1247
105.84,-0.2325,1.4058,-3.1796
105.86,0.1948,1.6905,-2.4925
105.88,0.161,1.215,-3.1732
105.9,0.7695,0.9302,-2.4229
105.92,1.3311,0.4332,-1.6941
105.94,1.8717,0.2591,-0.7991
105.96,1.6779,-0.4335,-0.3982
105.98,2.1805,-0.0126,0.9138
106.0,1.9618,-0.9119,2.0207
106.02,1.2129,-0.9694,2.8746
106.04,0.9128,-0.9565,3.6739
106.06,0.0362,-0.4805,3.7909
106.08,-0.4974,-0.4562,2.6465
106.1,-0.9543,-0.8744,2.5204
106.12,-1.709,-0.4884,2.5602
106.14,-1.6158,-1.0107,1.6396
106.16,-1.583,-0.7838,0.9876
106.18,-1.7793,-1.3077,0.3656
106.2,-1.2931,-0.9455,-0.3086
106.22,-0.8979,-1.0299,-0.4215
106.24,-0.7198,-0.5076,-1.2322
106.26,-0.7901,0.0942,-1.4555
106.28,-0.3928,0.5885,-1.0899
106.3,-0.5504,0.7931,-1.9085
106.32,-0.7633,1.478,-2.2802
106.34,0.1754,1.0881,-1.9061
106.36,0.0913,1.1312,-2.8204
106.38,0.9167,1.5008,-2.8118
106.4,0.7385,1.5754,-2.7016
106.42,0.8117,0.4784,-3.0019
106.44,1.5484,0.4268,-2.473
106.46,1.6555,0.7086,-1.2346
106.48,1.9861,0.0575,0.5551
106.5,1.9844,-0.6711,0.9934
106.52,1.3297,-0.4697,2.075
106.54,1.572,-0.4207,2.7996
106.56,1.0436,-0.821,3.7003
106.58,0.5028,-0.1592,3.8854
106.6,-0.1308,-0.6997,3.4249
106.62,-0.6827,-0.5697,2.859
106.64,-0.9909,-0.4662,2.5912
106.66,-1.2287,-0.3073,1.475
106.68,-1.5706,-1.056,0.7926
106.7,-1.8694,-0.765,0.1358
106.72,-2.0933,-0.959,-0.3659
106.74,-1.472,-1.0975,-0.9053
106.76,-1.1686,-0.6396,-0.4679
106.78,-0.8834,0.1071,-0.9174
106.8,-0.5769,0.5024,-1.8513
106.82,-0.8462,0.6889,-0.8093
106.84,-0.6904,1.0423,-1.4215
106.86,-0.6398,1.856,-2.3704
106.88,-0.5776,1.5457,-2.3828
106.9,0.3132,1.3539,-2.7731
106.92,0.5574,1.5253,-2.6889
106.94,1.0813,1.1602,-2.0851
106.96,1.5451,1.0063,-2.5488
106.98,1.8792,0.0597,-1.8441
107.0,1.8658,-0.2387,-0.1974
107.02,2.0206,-0.8038,0.8766
107.04,1.6997,-0.9531,1.6621
107.06,1.4409,-0.6185,2.589
107.08,0.7367,-0.4108,3.3748
107.1,0.3672,-0.576,3.0862
107.12,-0.1235,-0.8404,3.5629
107.14,-0.8218,-1.112,2.9213
107.16,-1.1871,-0.1367,2.6498
107.18,-1.202,-0.8135,1.6842
107.2,-1.4122,-1.1166,1.7956
107.22,-1.4099,-0.6581,0.5833
107.24,-1.7487,-0.668,-0.1325
107.26,-1.1272,-0.8996,-0.2449
107.28,-1.3104,-0.1666,-1.2034
107.3,-1.1906,-0.3289,-0.6396
107.32,-0.6761,0.0667,-1.1121
107.34,-1.0953,0.6498,-1.0949
107.36,-0.8964,0.5648,-1.6403
107.38,-0.7485,1.4605,-1.8394
107.4,-0.7545,1.1705,-2.2184
107.42,0.4294,1.6387,-2.6104
107.44,0.3676,1.5103,-3.3903
107.46,0.5691,0.7779,-3.2921
107.48,1.4262,0.8551,-2.5224
107.5,2.05,0.1265,-1.7039
107.52,1.9017,-0.3467,-0.645
107.54,2.1498,-0.3766,0.4007
107.56,1.9982,-0.3751,1.2222
107.58,1.5482,-0.7557,2.6334
107.6,1.6482,-0.489,3.2218
107.62,0.7327,-0.4562,3.4697
107.64,0.4041,-0.382,3.528
107.66,-0.0721,-0.4583,3.3823
107.68,-1.0111,-0.6597,2.6321
107.7,-1.1739,-1.2043,2.3202
107.72,-1.2117,-0.8029,1.1834
107.74,-1.3051,-0.9644,0.3347
107.76,-1.2937,-0.5375,0.1672
107.78,-1.431,-0.3898,-0.5272
107.8,-1.0291,-0.5384,-0.3898
107.82,-1.1315,-0.2246,-1.2672
107.84,-1.102,0.4301,-0.9246
107.86,-0.8096,0.8137,-1.2147
107.88,-0.7373,1.0637,-1.5328
107.9,-0.66,1.4237,-1.8505
107.92,-1.2009,1.4762,-1.6944
107.94,-0.1946,1.5252,-2.9342
107.96,-0.2788,1.6791,-2.8645
107.98,0.417,1.2694,-2.6906
108.0,0.8918,0.792,-2.6587
108.02,1.2204,0.0767,-0.7526
108.04,1.7117,0.7099,-1.1365
108.06,2.2276,-0.5141,0.2759
108.08,1.7564,-0.9363,1.7313
108.1,2.0895,-0.3237,3.3078
108.12,1.3173,-0.5384,3.1066
108.14,1.3325,-0.9561,3.0627
108.16,0.7821,-0.5372,3.3053
108.18,0.0351,-0.6737,2.6669
108.2,-0.7654,-0.4737,2.7322
108.22,-1.0465,-0.5676,1.7933
108.24,-1.1649,-0.7713,1.1507
108.26,-1.3867,-1.2967,0.6972
108.28,-1.2229,-0.9394,-0.3299
108.3,-1.4721,-1.1708,-1.1941
108.32,-1.7343,-0.4903,-1.2714
108.34,-1.0473,0.1734,-1.4514
108.36,-1.1235,0.1315,-0.8724
108.38,-0.7377,0.1675,-1.4983
108.4,-0.5436,0.8762,-2.2272
108.42,-0.3952,0.8027,-1.7302
108.44,-0.3112,1.0425,-2.1968
108.46,0.0465,1.5301,-2.6886
108.48,-0.2179,1.3106,-2.2296
108.5,0.5312,1.4371,-2.2452
108.52,0.7243,1.016,-2.4543
108.54,1.6308,0.7049,-1.773
108.56,1.7777,0.8975,-0.9474
108.58,1.7776,0.1214,0.1977
108.6,2.0389,-0.5345,1.1915
108.62,1.9331,-0.4157,2.4431
108.64,1.55,-0.5826,3.1665
108.66,0.9487,-0.818,3.6848
108.68,0.701,-0.2609,3.1193
108.7,0.2972,-0.7962,3.3634
108.72,-0.3309,-0.5883,2.7036
108.74,-0.658,-1.0544,2.3238
108.76,-1.0117,-0.5479,1.7506
108.78,-1.5566,-0.4911,0.9532
108.8,-1.4508,-0.9576,0.1343
108.82,-1.5272,-0.7173,-0.769
108.84,-1.1685,-0.5418,-0.5845
108.86,-1.2376,-0.5476,-1.4698
108.88,-0.8775,-0.5643,-1.5611
108.9,-0.5924,0.4199,-1.673
108.92,-1.0081,0.7433,-1.5155
108.94,-0.9173,1.2397,-1.4434
108.96,0.059,1.301,-1.7213
108.98,-0.7719,1.4625,-1.8168
109.0,-0.8703,1.6104,-2.5453
109.02,0.2962,1.7894,-2.8929
109.04,0.6303,1.035,-2.5154
109.06,1.0225,1.0567,-2.4855
109.08,1.5732,0.1108,-1.2562
109.1,2.0902,0.1405,-0.5409
109.12,2.0819,-0.1682,1.2709
109.14,2.3129,-0.5349,1.5049
109.16,1.7596,-0.4524,2.4239
109.18,0.9861,-0.5728,3.2783
109.2,0.4361,-0.7537,3.7049
109.22,0.0985,-0.8526,2.7999
109.24,-0.1572,-0.6183,2.6118
109.26,-0.5517,-0.3312,2.6293
109.28,-0.9604,-0.9917,1.4041
109.3,-1.4963,-0.9899,1.5369
109.32,-1.1491,-1.3959,0.2816
109.34,-1.4231,-0.6311,-0.4414
109.36,-1.2601,-1.3622,-0.5883
109.38,-1.4391,-1.2538,-1.0956
109.4,-0.6345,-0.2861,-0.6793
109.42,-1.0964,0.0752,-2.1968
109.44,-0.7485,0.8005,-2.1319
109.46,-0.6754,0.7705,-1.8363
109.48,-0.5244,1.1754,-2.1919
109.5,-0.5399,1.3245,-2.2581
109.52,-0.2227,1.592,-3.2098
109.54,-0.3007,1.417,-1.7614
109.56,0.1808,0.8585,-2.4166
109.58,1.4038,0.789,-2.0408
109.6,1.6313,0.9426,-1.1141
109.62,1.2229,0.2081,-0.6704
109.64,2.2602,-0.1785,0.4114
109.66,1.9533,-0.0512,1.4477
109.68,2.1656,-0.5563,2.5255
109.7,1.7424,-0.5341,2.9584
109.72,0.8032,-0.7209,3.8043
109.74,0.2806,-0.4614,4.2641
109.76,-0.1532,-0.8678,3.0705
109.78,-0.4544,-0.4738,3.0245
109.8,-1.2079,-0.7438,1.3842
109.82,-1.1887,-0.3772,1.4585
109.84,-1.7048,-0.9417,0.3099
109.86,-1.1861,-1.1403,-0.1066
109.88,-1.4602,-0.9961,-0.6427
109.9,-1.7041,-0.8965,-1.2134
109.92,-0.8692,-0.2266,-1.6934
109.94,-0.8814,-0.2141,-1.806
109.96,-0.7763,0.6625,-1.5069
109.98,-0.8319,0.9615,-2.5578
110.0,-0.6763,0.9042,-1.6849
110.02,-0.668,1.4006,-2.1658
110.04,-0.3057,1.8829,-2.1969
110.06,0.3194,1.2862,-2.4215
110.08,0.4948,1.4982,-2.6101
110.1,0.9853,1.3075,-2.0999
110.12,1.3243,0.3353,-1.9346
110.14,1.5143,0.4586,-0.683
110.16,2.0616,0.0157,0.4892
110.18,2.4665,-0.2334,1.736
110.2,1.6105,-0.3866,1.9263
110.22,1.4562,-0.7794,3.2933
110.24,1.1642,-0.4572,2.8034
110.26,0.8338,-0.9654,3.6828
110.28,-0.0611,-0.501,3.0174
110.3,-0.2403,-0.9378,2.6842
110.32,-1.9917,-0.7686,1.5986
110.34,-1.423,-0.8188,1.1165
110.36,-1.3833,-0.616,0.4189
110.38,-1.7924,-0.4984,-0.25
110.4,-1.1982,-1.1328,-0.501
110.42,-1.4521,-0.9183,-1.1021
110.44,-1.0475,-0.8697,-1.5607
110.46,-1.2152,-0.2574,-1.5042
110.48,-1.28,0.01,-1.9313
110.5,-0.9213,0.6795,-1.7046
110.52,-0.9394,1.0193,-2.0124
110.54,-0.6998,1.0521,-1.8779
110.56,-0.2485,1.1159,-2.2787
110.58,-0.1926,1.6544,-2.181
110.6,0.0048,1.379,-1.8798
110.62,0.7541,1.429,-2.1619
110.64,0.8986,0.7732,-1.0317
110.66,1.8668,0.6699,-1.3174
110.68,1.9746,0.4527,0.2136
110.7,2.1051,-0.1201,0.6517
110.72,2.0229,-0.3517,1.6765
110.74,1.6393,-0.2996,3.2232
110.76,1.6493,-0.2203,3.409
110.78,0.6045,-0.0371,3.8739
110.8,0.4079,-0.1757,3.7425
110.82,-0.3404,-0.3087,2.8449
110.84,-0.3376,-0.6494,2.2739
110.86,-0.9434,-1.1331,1.5077
110.88,-1.5894,-0.8972,0.3762
110.9,-1.2869,-0.9896,0.0962
110.92,-1.1883,-0.9453,-0.4235
110.94,-1.2767,-1.2472,-1.3996
110.96,-1.4528,-0.5223,-1.8665
110.98,-0.7929,-0.4103,-1.5451
111.0,-0.8891,-0.3998,-2.213
111.02,-0.8599,-0.0034,-1.0293
111.04,-1.2663,0.6925,-1.332
111.06,-0.3171,0.7505,-2.6099
111.08,-0.7165,1.0674,-1.8504
111.1,-0.4082,1.8324,-2.2966
111.12,0.0716,1.13,-1.9811
111.14,0.4712,1.3745,-2.174
111.16,0.9829,1.2266,-1.9018
111.18,1.1556,0.6094,-1.0523
111.2,1.521,0.2258,-0.4197
111.22,2.2642,0.1826,0.8943
111.24,1.8675,0.0367,2.6405
111.26,2.2964,-0.1828,2.3284
111.28,1.6519,-0.1329,3.0034
111.3,1.2708,-0.16,3.6536
111.32,0.1281,-0.5163,3.7637
111.34,-0.3796,-0.5206,3.2605
111.36,-0.2195,-0.9968,2.3396
111.38,-1.0028,-0.7926,1.7678
111.4,-1.7193,-0.7787,0.6511
111.42,-1.7482,-1.383,0.4255
111.44,-1.4517,-1.1258,-1.4699
111.46,-1.1343,-1.0677,-0.9185
111.48,-1.1379,-1.1627,-1.2024
111.5,-0.6566,-0.4456,-1.0597
111.52,-0.6457,-0.6683,-1.4941
111.54,-1.1023,0.2549,-2.1966
111.56,-0.5542,0.3494,-1.5469
111.58,-0.6425,1.1599,-2.1592
111.6,-0.3026,1.1084,-2.2684
111.62,-0.2531,1.5577,-1.9016
111.64,0.3448,1.9457,-2.7362
111.66,0.349,1.4873,-2.1129
111.68,1.1197,0.8462,-1.9816
111.7,1.436,0.3476,-0.3527
111.72,1.6381,0.4123,-0.7653
111.74,1.6027,0.0548,0.4891
111.76,2.1547,0.1356,0.8875
111.78,1.9123,-0.3712,2.4092
111.8,1.748,-0.4048,2.6137
111.82,1.1424,-0.5368,3.4869
111.84,0.1777,-0.582,3.4747
111.86,-0.0985,-0.7933,3.6286
111.88,-0.7928,-0.4917,2.1065
111.9,-1.1942,-0.724,1.3626
111.92,-1.0935,-0.8828,1.0743
111.94,-1.3384,-1.1949,0.2179
111.96,-1.7784,-1.0541,-0.9628
111.98,-1.0694,-0.8663,-0.7257
112.0,-0.7182,-0.6996,-0.9278
112.02,-0.778,-0.7214,-1.4747
112.04,-0.7097,-0.5503,-1.8012
112.06,-0.6756,0.1138,-1.6815
112.08,-0.7357,0.942,-1.3584
112.1,-0.843,0.6506,-2.045
112.12,-0.726,1.3794,-1.1536
112.14,-0.4912,1.4924,-2.4427
112.16,-0.0516,1.4485,-2.4746
112.18,0.7161,1.1327,-2.335
112.2,0.3272,1.2252,-2.4282
112.22,1.0565,1.2268,-2.1911
112.24,1.7203,0.5854,-1.2458
112.26,1.866,0.003,-0.4001
112.28,2.0405,-0.2012,0.7935
112.3,2.1687,-0.4969,1.8095
112.32,1.5158,-0.2372,2.662
112.34,0.9072,-0.3986,3.9494
112.36,0.8251,-0.8793,3.0326
112.38,0.3351,-0.2601,3.8726
112.4,-0.1297,-0.8773,3.8533
112.42,-0.9025,-0.5911,2.0513
112.44,-1.7026,-1.2233,1.5917
112.46,-1.4279,-0.6358,0.7465
112.48,-2.0156,-1.1449,1.0574
112.5,-1.2461,-1.2184,-0.3862
112.52,-1.2027,-0.5057,-0.6351
112.54,-1.0136,-0.3797,-1.5487
112.56,-1.1107,-0.0524,-1.2962
112.58,-1.0881,0.1249,-0.8274
112.6,-0.5714,0.6732,-1.8942
112.62,-0.8353,0.8069,-1.7928
112.64,-0.7749,1.1731,-1.9617
112.66,-0.7543,1.2581,-2.0773
112.68,-0.1292,1.5663,-2.3987
112.7,-0.0156,1.2508,-2.4285
112.72,0.2554,1.3325,-2.4523
112.74,0.7214,1.13,-1.302
112.76,1.6324,0.0423,-1.232
112.78,1.7741,0.6603,-0.069
112.8,2.185,0.309,1.1409
112.82,2.0299,-0.5192,1.8168
112.84,1.1777,-0.1445,2.3342
112.86,1.5684,0.0043,3.6404
112.88,1.1781,-0.4329,3.6732
112.9,0.6797,-0.6312,3.9872
112.92,0.0297,-0.9944,2.9378
112.94,-0.7667,-0.5626,1.9131
112.96,-0.9275,-0.4159,1.4083
112.98,-1.0443,-1.0405,1.4444
113.0,-1.6171,-1.0297,-0.064
113.02,-1.0921,-1.0389,-0.5319
113.04,-1.4346,-0.4714,-0.8669
113.06,-1.012,-0.4076,-0.5595
113.08,-1.1653,-0.6482,-1.0493
113.1,-1.2168,0.1581,-1.5998
113.12,-1.1287,0.0836,-1.5076
113.14,-0.9145,1.2979,-1.8022
113.16,-0.7284,1.0038,-1.9123
113.18,-0.6713,1.2778,-2.3156
113.2,-0.6683,1.454,-2.1691
113.22,0.3014,0.9502,-2.9478
113.24,0.2995,1.3538,-2.203
113.26,0.7266,1.1588,-2.0069
113.28,1.5796,0.7032,-1.2746
113.3,1.613,0.2134,-0.443
113.32,1.7388,0.3043,0.2831
113.34,2.2679,-0.1882,1.3011
113.36,2.0348,-0.0341,2.5411
113.38,1.6964,-0.1776,2.4749
113.4,1.6229,-0.6449,3.7317
113.42,0.6656,-0.5288,3.9958
113.44,0.4009,-0.3425,3.1268
113.46,-0.2081,-0.5957,2.9918
113.48,-0.5236,-0.6739,1.7105
113.5,-1.4778,-0.8345,0.8256
113.52,-1.6771,-0.7166,0.6069
113.54,-1.5145,-1.1031,0.029
113.56,-1.5094,-0.9703,-0.6897
113.58,-1.2285,-1.172,-1.1312
113.6,-0.7987,-0.8407,-1.6609
113.62,-0.9076,-0.4931,-1.3891
113.64,-1.31,-0.2362,-1.8205
113.66,-0.7771,0.2195,-1.6495
113.68,-0.5805,1.0062,-1.8538
113.7,-0.3402,1.1363,-2.019
113.72,-0.4157,1.8062,-3.1844
113.74,-0.1742,1.28,-3.3156
113.76,0.2377,1.6591,-2.4371
113.78,0.8979,1.0868,-2.3858
113.8,1.1635,1.1049,-1.7108
113.82,1.28,0.837,-1.2089
113.84,1.9134,0.2854,-0.2706
113.86,2.0842,0.4255,0.5375
113.88,1.9578,-0.6523,1.5126
113.9,1.7512,0.0211,2.4996
113.92,1.3535,-0.4743,3.3866
113.94,0.8509,-0.4283,3.4533
113.96,0.0057,-0.1734,4.3931
113.98,-0.8082,-0.0522,3.0047
114.0,-1.2417,-0.6646,2.3971
114.02,-1.5826,-0.8777,1.8447
114.04,-1.4143,-0.7376,0.6536
114.06,-1.432,-0.7895,0.4306
114.08,-1.5031,-1.1886,-0.3456
114.1,-1.465,-1.28,-1.2579
114.12,-1.1041,-0.8874,-1.3692
114.14,-0.4722,-0.34,-1.5653
114.16,-0.4555,-0.8156,-2.05
114.18,-0.7897,0.1904,-2.1055
114.2,-0.6237,0.8926,-1.8041
114.22,-0.3368,1.3144,-2.8858
114.24,-0.2128,1.2828,-1.9571
114.26,0.4247,1.2121,-2.4124
114.28,0.3511,1.7452,-2.793
114.3,0.4866,1.3759,-1.6187
114.32,1.1195,0.7221,-2.225
114.34,1.2079,1.2942,-1.2374
114.36,1.6291,0.4661,0.384
114.38,1.6171,0.2486,1.0095
114.4,1.9233,-0.2201,1.5314
114.42,1.6472,0.0403,1.8832
114.44,1.479,-0.7078,3.8295
114.46,0.5184,-0.431,3.2876
114.48,0.1326,0.0171,3.5496
114.5,-0.2246,-0.3305,3.0803
114.52,-0.603,0.0684,2.7573
114.54,-1.6734,-0.7374,1.2694
114.56,-1.614,-1.0598,0.9232
114.58,-1.6036,-1.6241,0.0205
114.6,-1.7881,-1.4602,0.264
114.62,-1.535,-1.0789,-0.7424
114.64,-0.7062,-1.0712,-0.8899
114.66,-0.9018,-1.0741,-1.4868
114.68,-0.6266,-0.1297,-1.5937
114.7,-0.6096,-0.163,-0.9144
114.72,-0.183,0.2314,-1.4531
114.74,-0.2749,0.6009,-1.9385
114.76,-0.4508,1.707,-2.6538
114.78,0.1489,1.6126,-2.2096
114.8,0.0876,1.4527,-2.6481
114.82,0.3283,1.4105,-2.2411
114.84,0.4528,1.1245,-2.0415
114.86,1.3014,0.7956,-1.5533
114.88,2.1942,0.6045,-0.7571
114.9,2.19,0.472,1.1421
114.92,2.1686,-0.1997,1.7004
114.94,1.7137,0.1638,1.982
114.96,1.6304,-0.1224,3.2256
114.98,1.1312,-0.8234,3.5306
115.0,0.2816,-0.994,3.0563
115.02,0.0477,-0.6457,3.1798
115.04,-1.0154,-0.6284,2.4221
115.06,-1.4215,-0.6225,2.1087
115.08,-1.4595,-0.8031,1.0973
115.1,-1.2995,-0.8991,0.2127
115.12,-1.7817,-1.167,-0.5411
115.14,-1.8572,-1.7137,-0.9192
115.16,-1.2892,-1.2034,-0.8895
115.18,-1.2005,-0.7375,-1.7671
115.2,-0.8196,-0.8294,-1.4992
115.22,-0.5497,-0.7983,-1.7452
115.24,0.047,0.0832,-1.5015
115.26,-0.4372,1.0253,-1.9212
115.28,0.4076,0.7254,-2.3118
115.3,-0.174,1.5068,-2.8221
115.32,0.1693,1.7605,-2.5698
115.34,0.4751,1.5327,-2.3707
115.36,0.5573,1.1921,-2.489
115.38,1.222,1.3467,-1.5725
115.4,1.7306,0.6626,-1.5919
115.42,1.8053,0.706,0.4101
115.44,2.1704,0.016,0.5864
115.46,2.1827,0.2431,1.5329
115.48,1.3326,-0.0255,2.817
115.5,0.7623,-0.0514,3.483
115.52,0.6526,-0.3946,3.4837
115.54,0.1513,-0.5097,3.7914
115.56,-0.2863,-0.7743,3.048
115.58,-1.1294,-1.0461,1.6304
115.6,-1.5517,-1.0094,1.86
115.62,-1.4452,-0.9424,0.9158
115.64,-2.2109,-1.0806,-0.1077
115.66,-1.4874,-1.4306,-0.7527
115.68,-1.7223,-0.8055,-1.2318
115.7,-1.4445,-1.1123,-1.7516
115.72,-1.0668,-0.6707,-1.4624
115.74,-0.7953,-0.4545,-2.2056
115.76,-0.9585,-0.1298,-1.1697
115.78,-0.4694,0.5631,-1.7064
115.8,-0.7484,1.197,-2.5416
115.82,0.236,1.1456,-2.0193
115.84,-0.1115,1.4847,-2.6053
115.86,0.5069,1.0821,-2.4763
115.88,0.4882,1.3034,-2.6965
115.9,1.2741,0.8766,-1.9514
115.92,1.7142,0.6241,-1.9098
115.94,1.6947,0.3402,0.1797
115.96,1.7577,0.5907,1.265
115.98,2.0445,0.2129,2.1868
116.0,1.6869,-0.4785,2.779
116.02,1.6053,-0.3857,3.449
116.04,1.0439,-0.4611,3.7958
116.06,0.2208,-0.2299,3.712
116.08,-0.365,-0.6787,3.076
116.1,-0.6675,-0.641,3.1047
116.12,-0.6891,-0.3994,1.7291
116.14,-1.4316,-0.939,0.5237
116.16,-1.6759,-0.789,0.0752
116.18,-1.9241,-1.1202,-0.4958
116.2,-1.339,-1.3163,-1.5022
116.22,-1.0203,-1.2358,-1.0614
116.24,-1.0421,-0.4276,-1.2753
116.26,-0.9161,-0.235,-1.7036
116.28,-0.8538,-0.0709,-1.3882
116.3,-0.483,0.0993,-2.3722
116.32,-0.1858,1.1829,-1.7592
116.34,-0.1426,1.0546,-2.2568
116.36,-0.0969,1.5834,-2.5575
116.38,0.4468,1.8686,-2.5829
116.4,0.5351,1.2123,-2.9756
116.42,1.2146,1.0813,-2.0701
116.44,1.3939,1.1611,-1.1883
116.46,1.5625,0.495,-1.0857
116.48,1.5638,0.1596,0.5267
116.5,1.657,0.0214,1.8257
116.52,1.6008,-0.444,2.2485
116.54,1.361,-0.2717,3.3625
116.56,1.1865,-0.2125,3.8233
116.58,0.1513,-0.392,2.8641
116.6,-0.3357,-0.8544,3.7265
116.62,-1.2197,-0.5398,3.0612
116.64,-0.9932,-0.9379,1.5073
116.66,-1.4025,-1.5006,0.7993
116.68,-1.6167,-1.4284,0.4378
116.7,-1.4991,-1.0622,-0.7402
116.72,-0.9082,-0.9576,-0.5356
116.74,-1.0569,-1.0918,-1.102
116.76,-1.1341,-0.5369,-1.3053
116.78,-1.1945,-0.5895,-1.3648
116.8,-0.5746,-0.2873,-1.3563
116.82,-0.6993,0.5111,-1.5929
116.84,-0.4466,0.8544,-0.6653
116.86,-0.3259,0.8688,-2.4834
116.88,-0.4613,0.928,-3.0001
116.9,0.0461,1.7337,-2.0091
116.92,0.2066,1.396,-2.8399
116.94,0.9312,1.2214,-2.5324
116.96,1.285,0.3671,-1.5949
116.98,1.8363,0.681,-0.6355
117.0,1.9434,0.4245,0.3837
117.02,1.816,-0.4801,1.2183
117.04,2.1122,0.1277,2.1558
117.06,1.7797,0.635,3.3589
117.08,1.2773,0.1479,3.2137
117.1,0.2032,-0.0619,3.9046
117.12,-0.5234,-0.4187,3.5618
117.14,-0.9077,-0.4543,3.0168
117.16,-0.9912,-0.3415,1.7838
117.18,-1.4739,-1.0206,1.418
117.2,-1.2345,-0.8849,1.4896
117.22,-1.7577,-0.8662,-0.112
117.24,-1.5188,-0.9947,-0.3007
117.26,-0.9904,-1.0062,-0.781
117.28,-1.1986,-0.9957,-1.2335
117.3,-0.8606,-1.0561,-1.9051
117.32,-0.6801,-0.5095,-2.1718
117.34,-0.0308,0.0899,-0.6678
117.36,-0.503,0.346,-1.9689
117.38,-0.1772,1.1339,-2.4266
117.4,0.0687,1.2704,-2.127
117.42,0.2942,0.9612,-2.6614
117.44,0.4361,1.6136,-2.6064
117.46,0.8082,1.8146,-2.8669
117.48,1.3489,0.9669,-1.514
117.5,1.5669,0.7439,-1.3085
117.52,1.9564,0.5529,0.0784
117.54,2.1596,0.2183,1.2202
117.56,1.7172,0.1954,1.6401
117.58,1.7825,-0.2002,2.9219
117.6,1.0784,-0.0783,3.6506
117.62,0.9948,-0.4395,3.1271
117.64,-0.1811,-0.4005,2.9719
117.66,-0.8169,-0.6615,2.922
117.68,-1.224,-0.1671,2.5006
117.7,-1.5025,-0.7235,2.0605
117.72,-1.4199,-1.48,1.3941
117.74,-1.5445,-0.7986,0.4107
117.76,-1.7408,-1.1003,-0.419
117.78,-1.1824,-0.954,-0.4315
117.8,-0.9461,-1.0938,-1.7783
117.82,-1.0125,-0.9281,-1.6698
117.84,-1.1021,-0.5622,-1.2522
117.86,-0.8023,-0.3567,-1.356
117.88,-0.5408,0.0746,-1.7711
117.9,-0.6061,0.6247,-1.7428
117.92,-0.1242,0.9831,-2.4628
117.94,0.1312,1.5951,-2.3672
117.96,-0.0549,0.8094,-3.0049
117.98,0.9339,1.353,-2.6572
118.0,1.0232,1.2417,-1.5581
118.02,1.4695,1.0736,-1.2728
118.04,1.7236,0.9672,-0.1959
118.06,1.9289,0.3825,0.1827
118.08,2.2146,-0.0196,1.6057
118.1,1.5384,0.5974,1.8852
118.12,1.1895,0.2487,2.7985
118.14,0.8033,0.2693,3.6074
118.16,0.7708,-0.011,4.1635
118.18,-0.2427,-0.0046,3.6327
118.2,-0.8355,-0.5452,2.9244
118.22,-0.8632,-0.6104,2.0274
118.24,-1.2819,-0.5894,0.9959
118.26,-1.6461,-1.0639,0.9069
118.28,-1.6247,-1.1285,-0.4441
118.3,-1.2979,-1.3214,-1.1517
118.32,-1.222,-1.4393,-1.2294
118.34,-1.311,-1.463,-1.278
118.36,-0.8541,-0.3192,-1.2741
118.38,-0.8807,-0.2084,-2.024
118.4,-0.3172,0.0806,-1.8457
118.42,-0.1226,1.2578,-1.7918
118.44,-0.0255,1.4183,-2.2087
118.46,-0.0276,1.1974,-2.3133
118.48,-0.1637,1.184,-2.6742
118.5,0.8881,1.2394,-2.1046
118.52,1.2914,0.9199,-2.2613
118.54,1.2488,0.8046,-1.0679
118.56,2.0866,0.5175,-1.0833
118.58,1.3394,-0.0395,0.4171
118.6,2.0059,0.5722,1.0302
118.62,1.6674,0.3713,2.1085
118.64,1.4551,0.5104,2.3259
118.66,1.2677,0.2167,3.2335
118.68,0.788,-0.2028,3.6594
118.7,-0.0954,-0.3384,3.6732
118.72,-0.3645,0.0303,2.9325
118.74,-1.2906,-0.4563,1.9301
118.76,-1.7549,-0.8516,0.7481
118.78,-1.5682,-1.0471,0.3
118.8,-1.7765,-1.0062,-0.9455
118.82,-1.6503,-1.5737,-0.0167
118.84,-1.3154,-1.2976,-0.8862
118.86,-0.9845,-0.9164,-1.5241
118.88,-0.3655,-0.665,-0.8876
118.9,-0.8812,-1.1168,-1.6892
118.92,-0.8554,-0.2138,-1.4798
118.94,-0.4032,0.3329,-1.3994
118.96,-0.0394,0.8769,-2.6398
118.98,-0.4085,0.9005,-2.4362
119.0,-0.0159,1.3584,-2.6978
119.02,0.9546,1.3481,-2.9884
119.04,0.6939,0.9907,-1.5077
119.06,1.0167,0.9758,-1.87
119.08,1.38,0.9847,-1.3542
119.1,2.1765,0.9455,0.2792
119.12,2.3543,0.5909,1.0537
119.14,1.6616,0.3004,1.8149
119.16,1.787,0.0045,2.4247
119.18,1.0499,-0.0406,3.9001
119.2,0.5626,-0.0109,3.3018
119.22,-0.1455,0.2683,3.5144
119.24,-0.825,-0.4137,3.1558
119.26,-1.4815,-0.4256,2.8788
119.28,-1.6529,-0.7202,1.7647
119.3,-1.8723,-1.2575,0.9563
119.32,-2.0659,-0.7238,0.4263
119.34,-1.9803,-0.7645,0.055
119.36,-1.2144,-0.825,-0.3471
119.38,-1.3842,-1.4111,-1.4458
119.4,-0.9645,-1.2239,-1.1193
119.42,-0.4265,-0.6024,-1.7426
119.44,-0.3727,-0.7906,-1.5356
119.46,0.0504,0.5845,-1.9073
119.48,-0.4179,0.5803,-2.0376
119.5,0.0258,0.6659,-2.4181
119.52,-0.3592,1.392,-2.7364
119.54,0.637,1.044,-2.9638
119.56,0.9965,1.4517,-2.2546
119.58,0.9153,1.0584,-2.073
119.6,1.5168,0.6716,-1.4265
119.62,1.6714,0.8828,-0.7384
119.64,2.021,0.5198,1.1854
119.66,1.8115,0.0939,1.1637
119.68,1.6819,0.0409,2.0318
119.7,1.164,-0.201,2.9371
119.72,0.6749,0.1554,3.86
119.74,-0.2745,-0.2419,3.9122
119.76,-0.7671,-0.1918,3.0404
119.78,-0.9958,0.0219,2.5961
119.8,-1.2481,-1.1807,1.652
119.82,-1.7621,-0.7138,0.9843
119.84,-1.5765,-1.1335,0.6879
119.86,-1.4171,-1.4474,0.1948
119.88,-1.1173,-1.4887,-1.2739
119.9,-0.9451,-0.8227,-0.7386
119.92,-1.0116,-1.4094,-0.2094
119.94,-0.3905,-0.936,-2.2858
119.96,-0.2487,-0.8403,-2.0859
119.98,-0.247,-0.0154,-1.2043
